{
	"credit": "Made with Blockbench",
	"textures": {
		"0": "cit/arrow",
		"particle": "cit/arrow"
	},
	"elements": [
		{
			"from": [8.425, 4.725, 2.7],
			"to": [8.775, 5.225, 11.7],
			"rotation": {"angle": 0, "axis": "z", "origin": [8.6, 4.975, 4.95]},
			"faces": {
				"north": {"uv": [0, 1, 6.5, 1.5], "texture": "#0"},
				"east": {"uv": [0, 1, 6.5, 1.5], "texture": "#0"},
				"south": {"uv": [0, 1, 0.5, 1.5], "texture": "#0"},
				"west": {"uv": [0, 1, 6.5, 1.5], "texture": "#0"},
				"up": {"uv": [0, 1, 6.5, 1.5], "rotation": 90, "texture": "#0"},
				"down": {"uv": [0, 1, 6.5, 1.5], "rotation": 90, "texture": "#0"}
			}
		},
		{
			"from": [8.365, 4.665, 1.64],
			"to": [8.835, 5.285, 2.76],
			"rotation": {"angle": 0, "axis": "z", "origin": [8.6, 4.975, 4.95]},
			"faces": {
				"north": {"uv": [3.5, 1, 6.5, 1.5], "rotation": 90, "texture": "#0"},
				"east": {"uv": [3.5, 1, 6.5, 1.5], "rotation": 90, "texture": "#0"},
				"south": {"uv": [3.5, 1, 6.5, 1.5], "rotation": 90, "texture": "#0"},
				"west": {"uv": [3.5, 1, 6.5, 1.5], "rotation": 90, "texture": "#0"},
				"up": {"uv": [3.5, 1, 6.5, 1.5], "rotation": 90, "texture": "#0"},
				"down": {"uv": [3.5, 1, 6.5, 1.5], "rotation": 90, "texture": "#0"}
			}
		},
		{
			"from": [8.365, 4.665, 11.64],
			"to": [8.835, 5.285, 13.76],
			"rotation": {"angle": 0, "axis": "z", "origin": [8.6, 4.975, 14.95]},
			"faces": {
				"north": {"uv": [1.5, 2.5, 0.5, 1.5], "rotation": 90, "texture": "#0"},
				"east": {"uv": [1.5, 2.5, 0.5, 1.5], "rotation": 90, "texture": "#0"},
				"south": {"uv": [1.5, 2.5, 0.5, 1.5], "rotation": 90, "texture": "#0"},
				"west": {"uv": [1.5, 2.5, 0.5, 1.5], "rotation": 90, "texture": "#0"},
				"up": {"uv": [1.5, 2.5, 0.5, 1.5], "rotation": 90, "texture": "#0"},
				"down": {"uv": [1.5, 2.5, 0.5, 1.5], "rotation": 90, "texture": "#0"}
			}
		},
		{
			"from": [8.491, 4.841, 0.721],
			"to": [8.709, 5.459, 1.839],
			"rotation": {"angle": -22.5, "axis": "x", "origin": [8.6, 5.15, 1.28]},
			"faces": {
				"north": {"uv": [6.5, 0.5, 7.5, 1], "rotation": 90, "texture": "#0"},
				"east": {"uv": [6.5, 0.5, 7.5, 1], "rotation": 90, "texture": "#0"},
				"south": {"uv": [6.5, 0.5, 7.5, 1], "rotation": 90, "texture": "#0"},
				"west": {"uv": [6.5, 0.5, 7.5, 1], "rotation": 90, "texture": "#0"},
				"up": {"uv": [6.5, 0.5, 7.5, 1], "rotation": 90, "texture": "#0"},
				"down": {"uv": [6.5, 0.5, 7.5, 1], "rotation": 90, "texture": "#0"}
			}
		},
		{
			"from": [8.49, 4.44139, 0.95726],
			"to": [8.71, 5.06139, 2.07726],
			"rotation": {"angle": 22.5, "axis": "x", "origin": [8.6, 5.37139, 1.51726]},
			"faces": {
				"north": {"uv": [6.5, 1.5, 7.5, 2], "rotation": 90, "texture": "#0"},
				"east": {"uv": [6.5, 1.5, 7.5, 2], "rotation": 90, "texture": "#0"},
				"south": {"uv": [6.5, 1.5, 7.5, 2], "rotation": 90, "texture": "#0"},
				"west": {"uv": [6.5, 1.5, 7.5, 2], "rotation": 90, "texture": "#0"},
				"up": {"uv": [6.5, 1.5, 7.5, 2], "rotation": 90, "texture": "#0"},
				"down": {"uv": [6.5, 1.5, 7.5, 2], "rotation": 90, "texture": "#0"}
			}
		},
		{
			"from": [8.491, 5.35943, 0.34973],
			"to": [8.709, 5.70788, 0.69818],
			"rotation": {"angle": -45, "axis": "x", "origin": [8.6, 5.39888, 1.25918]},
			"faces": {
				"north": {"uv": [7.5, 1, 8, 1.5], "texture": "#0"},
				"east": {"uv": [7.5, 1, 8, 1.5], "texture": "#0"},
				"south": {"uv": [7.5, 1, 8, 1.5], "texture": "#0"},
				"west": {"uv": [7.5, 1, 8, 1.5], "texture": "#0"},
				"up": {"uv": [7.5, 1, 8, 1.5], "texture": "#0"},
				"down": {"uv": [7.5, 1, 8, 1.5], "texture": "#0"}
			}
		},
		{
			"from": [8.625, 5.245, 11.7],
			"to": [8.625, 6.245, 13.7],
			"rotation": {"angle": 0, "axis": "z", "origin": [8.55, 4.875, 14.95]},
			"faces": {
				"north": {"uv": [1.5, 2.5, 0.5, 1.5], "texture": "#0"},
				"east": {"uv": [1.5, 2.5, 0.5, 1.5], "texture": "#0"},
				"south": {"uv": [1.5, 2.5, 0.5, 1.5], "texture": "#0"},
				"west": {"uv": [1.5, 2.5, 0.5, 1.5], "texture": "#0"},
				"up": {"uv": [1.5, 2.5, 0.5, 1.5], "texture": "#0"},
				"down": {"uv": [1.5, 2.5, 0.5, 1.5], "texture": "#0"}
			}
		},
		{
			"from": [8.875, 4.995, 11.7],
			"to": [9.875, 4.995, 13.7],
			"rotation": {"angle": 0, "axis": "z", "origin": [8.625, 4.995, 12.7]},
			"faces": {
				"north": {"uv": [1.5, 2.5, 0.5, 1.5], "texture": "#0"},
				"east": {"uv": [1.5, 2.5, 0.5, 1.5], "texture": "#0"},
				"south": {"uv": [1.5, 2.5, 0.5, 1.5], "texture": "#0"},
				"west": {"uv": [1.5, 2.5, 0.5, 1.5], "texture": "#0"},
				"up": {"uv": [1.5, 2.5, 0.5, 1.5], "texture": "#0"},
				"down": {"uv": [1.5, 2.5, 0.5, 1.5], "texture": "#0"}
			}
		},
		{
			"from": [8.625, 3.745, 11.7],
			"to": [8.625, 4.745, 13.7],
			"rotation": {"angle": 0, "axis": "z", "origin": [8.55, 3.375, 14.95]},
			"faces": {
				"north": {"uv": [1.5, 2.5, 0.5, 1.5], "texture": "#0"},
				"east": {"uv": [1.5, 2.5, 0.5, 1.5], "texture": "#0"},
				"south": {"uv": [1.5, 2.5, 0.5, 1.5], "texture": "#0"},
				"west": {"uv": [1.5, 2.5, 0.5, 1.5], "texture": "#0"},
				"up": {"uv": [1.5, 2.5, 0.5, 1.5], "texture": "#0"},
				"down": {"uv": [1.5, 2.5, 0.5, 1.5], "texture": "#0"}
			}
		},
		{
			"from": [7.375, 4.995, 11.7],
			"to": [8.375, 4.995, 13.7],
			"rotation": {"angle": 0, "axis": "z", "origin": [8.625, 4.995, 12.7]},
			"faces": {
				"north": {"uv": [1.5, 2.5, 0.5, 1.5], "texture": "#0"},
				"east": {"uv": [1.5, 2.5, 0.5, 1.5], "texture": "#0"},
				"south": {"uv": [1.5, 2.5, 0.5, 1.5], "texture": "#0"},
				"west": {"uv": [1.5, 2.5, 0.5, 1.5], "texture": "#0"},
				"up": {"uv": [1.5, 2.5, 0.5, 1.5], "texture": "#0"},
				"down": {"uv": [1.5, 2.5, 0.5, 1.5], "texture": "#0"}
			}
		}
	],
	"display": {
		"thirdperson_righthand": {
			"rotation": [0, 0, 5],
			"translation": [-2.75, 1, -1.25]
		},
		"thirdperson_lefthand": {
			"rotation": [0, 0, 5],
			"translation": [-2.75, 1, -1.25],
			"scale": [-1, 1, 1]
		},
		"firstperson_righthand": {
			"rotation": [20, 0, 0],
			"translation": [-1.25, 7.5, -2.5]
		},
		"firstperson_lefthand": {
			"rotation": [22, -11, 1],
			"translation": [1.25, 7.5, -2.5],
			"scale": [-1, 1, 1]
		},
		"ground": {
			"translation": [0, 7.75, 0]
		},
		"gui": {
			"rotation": [71, 45, -88],
			"translation": [-2.5, 6.75, 0]
		},
		"fixed": {
			"rotation": [-90, 0, 90],
			"translation": [-6, 11.5, -1.75],
			"scale": [-2, 2, -2]
		}
	},
	"groups": [
		{
			"name": "arrow",
			"origin": [8.025, 4.47, 12.75],
			"children": [0, 1, 2, 3, 4, 5, 6, 7, 8, 9]
		}
	]
}