{
	"credit": "Made with Blockbench",
	"textures": {
		"0": "./mieczor1",
		"1": "./mieczor2",
		"particle": "./mieczor2"
	},
	"elements": [
		{
			"from": [7.625, -13.1, 7.6],
			"to": [8.425, -6.95, 8.4],
			"rotation": {"angle": 0, "axis": "y", "origin": [8, -10.35, 8]},
			"faces": {
				"north": {"uv": [0, 10, 1, 15], "texture": "#0"},
				"east": {"uv": [0, 10, 1, 15], "texture": "#0"},
				"south": {"uv": [0, 10, 1, 15], "texture": "#0"},
				"west": {"uv": [0, 10, 1, 15], "texture": "#0"},
				"up": {"uv": [0, 10, 1, 11], "texture": "#0"},
				"down": {"uv": [0, 14, 1, 15], "texture": "#0"}
			}
		},
		{
			"from": [7.525, -10.3, 7.5],
			"to": [8.525, -9.9, 8.5],
			"rotation": {"angle": 0, "axis": "y", "origin": [8, -10.35, 8]},
			"faces": {
				"north": {"uv": [6, 2, 7, 4], "texture": "#0"},
				"east": {"uv": [6, 2, 7, 4], "texture": "#0"},
				"south": {"uv": [6, 2, 7, 4], "texture": "#0"},
				"west": {"uv": [6, 2, 7, 4], "texture": "#0"},
				"up": {"uv": [6, 2, 7, 4], "texture": "#0"},
				"down": {"uv": [6, 2, 7, 4], "texture": "#0"}
			}
		},
		{
			"name": "cube2",
			"from": [7.525, -7.325, 7.5],
			"to": [8.525, -6.925, 8.5],
			"rotation": {"angle": 0, "axis": "y", "origin": [8, -10.35, 8]},
			"faces": {
				"north": {"uv": [6, 2, 7, 4], "texture": "#0"},
				"east": {"uv": [6, 2, 7, 4], "texture": "#0"},
				"south": {"uv": [6, 2, 7, 4], "texture": "#0"},
				"west": {"uv": [6, 2, 7, 4], "texture": "#0"},
				"up": {"uv": [6, 2, 7, 4], "texture": "#0"},
				"down": {"uv": [6, 2, 7, 4], "texture": "#0"}
			}
		},
		{
			"from": [7.425, -6.925, 6.45],
			"to": [8.625, -6.525, 9.55],
			"rotation": {"angle": 0, "axis": "y", "origin": [8, -10.35, 8]},
			"faces": {
				"north": {"uv": [6, 2, 7, 4], "texture": "#0"},
				"east": {"uv": [6, 2, 7, 4], "texture": "#0"},
				"south": {"uv": [6, 2, 7, 4], "texture": "#0"},
				"west": {"uv": [6, 2, 7, 4], "texture": "#0"},
				"up": {"uv": [6, 2, 7, 4], "texture": "#0"},
				"down": {"uv": [6, 2, 7, 4], "texture": "#0"}
			}
		},
		{
			"from": [7.65, -7.39944, 9.56481],
			"to": [8.4, -6.99944, 10.91481],
			"rotation": {"angle": -22.5, "axis": "x", "origin": [8.025, -7.19944, 8.36481]},
			"faces": {
				"north": {"uv": [6, 2, 7, 4], "texture": "#0"},
				"east": {"uv": [6, 2, 7, 4], "texture": "#0"},
				"south": {"uv": [6, 2, 7, 4], "texture": "#0"},
				"west": {"uv": [6, 2, 7, 4], "texture": "#0"},
				"up": {"uv": [6, 2, 7, 4], "texture": "#0"},
				"down": {"uv": [6, 2, 7, 4], "texture": "#0"}
			}
		},
		{
			"from": [7.675, -5.98966, 10.45811],
			"to": [8.375, -5.58966, 11.48311],
			"rotation": {"angle": -45, "axis": "x", "origin": [8.025, -5.78966, 11.13311]},
			"faces": {
				"north": {"uv": [6, 2, 7, 4], "texture": "#0"},
				"east": {"uv": [6, 2, 7, 4], "texture": "#0"},
				"south": {"uv": [6, 2, 7, 4], "texture": "#0"},
				"west": {"uv": [6, 2, 7, 4], "texture": "#0"},
				"up": {"uv": [6, 2, 7, 4], "texture": "#0"},
				"down": {"uv": [6, 2, 7, 4], "texture": "#0"}
			}
		},
		{
			"from": [7.7, -5.5062, 10.63019],
			"to": [8.35, -4.3812, 11.03019],
			"rotation": {"angle": 22.5, "axis": "x", "origin": [8.025, -6.8312, 10.83019]},
			"faces": {
				"north": {"uv": [6, 2, 7, 4], "rotation": 180, "texture": "#0"},
				"east": {"uv": [6, 2, 7, 4], "rotation": 90, "texture": "#0"},
				"south": {"uv": [6, 2, 7, 4], "texture": "#0"},
				"west": {"uv": [6, 2, 7, 4], "rotation": 270, "texture": "#0"},
				"up": {"uv": [6, 2, 7, 4], "texture": "#0"},
				"down": {"uv": [6, 2, 7, 4], "rotation": 180, "texture": "#0"}
			}
		},
		{
			"from": [7.725, -4.64423, 11.55254],
			"to": [8.325, -3.51923, 11.95254],
			"rotation": {"angle": 0, "axis": "x", "origin": [8.025, -7.96923, 11.75254]},
			"faces": {
				"north": {"uv": [6, 2, 7, 4], "rotation": 180, "texture": "#0"},
				"east": {"uv": [6, 2, 7, 4], "rotation": 90, "texture": "#0"},
				"south": {"uv": [6, 2, 7, 4], "texture": "#0"},
				"west": {"uv": [6, 2, 7, 4], "rotation": 270, "texture": "#0"},
				"up": {"uv": [6, 2, 7, 4], "texture": "#0"},
				"down": {"uv": [6, 2, 7, 4], "rotation": 180, "texture": "#0"}
			}
		},
		{
			"from": [7.875, -6.74423, 8.55254],
			"to": [8.175, 1.28077, 8.95254],
			"rotation": {"angle": 0, "axis": "x", "origin": [8.025, -7.96923, 11.75254]},
			"faces": {
				"north": {"uv": [6, 2, 7, 4], "rotation": 180, "texture": "#0"},
				"east": {"uv": [6, 2, 7, 4], "rotation": 90, "texture": "#0"},
				"south": {"uv": [6, 2, 7, 4], "texture": "#0"},
				"west": {"uv": [6, 2, 7, 4], "rotation": 270, "texture": "#0"},
				"up": {"uv": [6, 2, 7, 4], "texture": "#0"},
				"down": {"uv": [6, 2, 7, 4], "rotation": 180, "texture": "#0"}
			}
		},
		{
			"from": [7.875, 1.1064, 8.53157],
			"to": [8.175, 2.4564, 8.93157],
			"rotation": {"angle": -45, "axis": "x", "origin": [8.025, 1.2189, 8.73157]},
			"faces": {
				"north": {"uv": [6, 2, 7, 4], "rotation": 180, "texture": "#0"},
				"east": {"uv": [6, 2, 7, 4], "rotation": 90, "texture": "#0"},
				"south": {"uv": [6, 2, 7, 4], "texture": "#0"},
				"west": {"uv": [6, 2, 7, 4], "rotation": 270, "texture": "#0"},
				"up": {"uv": [6, 2, 7, 4], "texture": "#0"},
				"down": {"uv": [6, 2, 7, 4], "rotation": 180, "texture": "#0"}
			}
		},
		{
			"from": [7.875, 1.1064, 7.06843],
			"to": [8.175, 2.4564, 7.46843],
			"rotation": {"angle": 45, "axis": "x", "origin": [8.025, 1.2189, 7.26843]},
			"faces": {
				"north": {"uv": [7, 2, 6, 4], "texture": "#0"},
				"east": {"uv": [6, 4, 7, 2], "rotation": 90, "texture": "#0"},
				"south": {"uv": [7, 2, 6, 4], "rotation": 180, "texture": "#0"},
				"west": {"uv": [6, 4, 7, 2], "rotation": 270, "texture": "#0"},
				"up": {"uv": [6, 4, 7, 2], "texture": "#0"},
				"down": {"uv": [6, 4, 7, 2], "rotation": 180, "texture": "#0"}
			}
		},
		{
			"from": [7.875, -6.74423, 7.05254],
			"to": [8.175, 1.28077, 7.45254],
			"rotation": {"angle": 0, "axis": "x", "origin": [8.025, -7.96923, 11.75254]},
			"faces": {
				"north": {"uv": [6, 2, 7, 4], "rotation": 180, "texture": "#0"},
				"east": {"uv": [6, 2, 7, 4], "rotation": 90, "texture": "#0"},
				"south": {"uv": [6, 2, 7, 4], "texture": "#0"},
				"west": {"uv": [6, 2, 7, 4], "rotation": 270, "texture": "#0"},
				"up": {"uv": [6, 2, 7, 4], "texture": "#0"},
				"down": {"uv": [6, 2, 7, 4], "rotation": 180, "texture": "#0"}
			}
		},
		{
			"from": [7.87506, -3.63255, 11.55256],
			"to": [8.29906, -3.20855, 11.95256],
			"rotation": {"angle": 45, "axis": "z", "origin": [8.17506, -3.54505, 11.75256]},
			"faces": {
				"north": {"uv": [6, 2, 7, 4], "rotation": 180, "texture": "#0"},
				"east": {"uv": [6, 2, 7, 4], "rotation": 90, "texture": "#0"},
				"south": {"uv": [6, 2, 7, 4], "texture": "#0"},
				"west": {"uv": [6, 2, 7, 4], "rotation": 270, "texture": "#0"},
				"up": {"uv": [6, 2, 7, 4], "texture": "#0"},
				"down": {"uv": [6, 2, 7, 4], "rotation": 180, "texture": "#0"}
			}
		},
		{
			"from": [7.675, -7.5909, 9.51621],
			"to": [8.375, -6.0659, 9.91621],
			"rotation": {"angle": 45, "axis": "x", "origin": [7.925, -6.3659, 10.41621]},
			"faces": {
				"north": {"uv": [6, 2, 7, 4], "rotation": 180, "texture": "#0"},
				"east": {"uv": [6, 2, 7, 4], "rotation": 90, "texture": "#0"},
				"south": {"uv": [6, 2, 7, 4], "texture": "#0"},
				"west": {"uv": [6, 2, 7, 4], "rotation": 270, "texture": "#0"},
				"up": {"uv": [6, 2, 7, 4], "texture": "#0"},
				"down": {"uv": [6, 2, 7, 4], "rotation": 180, "texture": "#0"}
			}
		},
		{
			"from": [7.7, -5.8945, 9.3488],
			"to": [8.35, -4.8695, 9.7488],
			"rotation": {"angle": 22.5, "axis": "x", "origin": [7.95, -7.1695, 10.2488]},
			"faces": {
				"north": {"uv": [6, 2, 7, 4], "rotation": 180, "texture": "#0"},
				"east": {"uv": [6, 2, 7, 4], "rotation": 90, "texture": "#0"},
				"south": {"uv": [6, 2, 7, 4], "texture": "#0"},
				"west": {"uv": [6, 2, 7, 4], "rotation": 270, "texture": "#0"},
				"up": {"uv": [6, 2, 7, 4], "texture": "#0"},
				"down": {"uv": [6, 2, 7, 4], "rotation": 180, "texture": "#0"}
			}
		},
		{
			"from": [7.65, -7.39944, 5.08519],
			"to": [8.4, -6.99944, 6.43519],
			"rotation": {"angle": 22.5, "axis": "x", "origin": [8.025, -7.19944, 7.63519]},
			"faces": {
				"north": {"uv": [7, 2, 6, 4], "texture": "#0"},
				"east": {"uv": [7, 2, 6, 4], "texture": "#0"},
				"south": {"uv": [7, 2, 6, 4], "texture": "#0"},
				"west": {"uv": [7, 2, 6, 4], "texture": "#0"},
				"up": {"uv": [6, 4, 7, 2], "texture": "#0"},
				"down": {"uv": [6, 4, 7, 2], "texture": "#0"}
			}
		},
		{
			"from": [7.675, -5.98966, 4.51689],
			"to": [8.375, -5.58966, 5.54189],
			"rotation": {"angle": 45, "axis": "x", "origin": [8.025, -5.78966, 4.86689]},
			"faces": {
				"north": {"uv": [7, 2, 6, 4], "texture": "#0"},
				"east": {"uv": [7, 2, 6, 4], "texture": "#0"},
				"south": {"uv": [7, 2, 6, 4], "texture": "#0"},
				"west": {"uv": [7, 2, 6, 4], "texture": "#0"},
				"up": {"uv": [6, 4, 7, 2], "texture": "#0"},
				"down": {"uv": [6, 4, 7, 2], "texture": "#0"}
			}
		},
		{
			"from": [7.7, -5.5062, 4.96981],
			"to": [8.35, -4.3812, 5.36981],
			"rotation": {"angle": -22.5, "axis": "x", "origin": [8.025, -6.8312, 5.16981]},
			"faces": {
				"north": {"uv": [7, 2, 6, 4], "texture": "#0"},
				"east": {"uv": [6, 4, 7, 2], "rotation": 90, "texture": "#0"},
				"south": {"uv": [7, 2, 6, 4], "rotation": 180, "texture": "#0"},
				"west": {"uv": [6, 4, 7, 2], "rotation": 270, "texture": "#0"},
				"up": {"uv": [6, 4, 7, 2], "texture": "#0"},
				"down": {"uv": [6, 4, 7, 2], "rotation": 180, "texture": "#0"}
			}
		},
		{
			"from": [7.725, -4.64423, 4.04746],
			"to": [8.325, -3.51923, 4.44746],
			"rotation": {"angle": 0, "axis": "x", "origin": [8.025, -7.96923, 4.24746]},
			"faces": {
				"north": {"uv": [7, 2, 6, 4], "texture": "#0"},
				"east": {"uv": [6, 4, 7, 2], "rotation": 90, "texture": "#0"},
				"south": {"uv": [7, 2, 6, 4], "rotation": 180, "texture": "#0"},
				"west": {"uv": [6, 4, 7, 2], "rotation": 270, "texture": "#0"},
				"up": {"uv": [6, 4, 7, 2], "texture": "#0"},
				"down": {"uv": [6, 4, 7, 2], "rotation": 180, "texture": "#0"}
			}
		},
		{
			"from": [7.87506, -3.63255, 4.04744],
			"to": [8.29906, -3.20855, 4.44744],
			"rotation": {"angle": 45, "axis": "z", "origin": [8.17506, -3.54505, 4.24744]},
			"faces": {
				"north": {"uv": [7, 2, 6, 4], "texture": "#0"},
				"east": {"uv": [6, 4, 7, 2], "rotation": 90, "texture": "#0"},
				"south": {"uv": [7, 2, 6, 4], "rotation": 180, "texture": "#0"},
				"west": {"uv": [6, 4, 7, 2], "rotation": 270, "texture": "#0"},
				"up": {"uv": [6, 4, 7, 2], "texture": "#0"},
				"down": {"uv": [6, 4, 7, 2], "rotation": 180, "texture": "#0"}
			}
		},
		{
			"from": [7.675, -7.5909, 6.08379],
			"to": [8.375, -6.0659, 6.48379],
			"rotation": {"angle": -45, "axis": "x", "origin": [7.925, -6.3659, 5.58379]},
			"faces": {
				"north": {"uv": [7, 2, 6, 4], "texture": "#0"},
				"east": {"uv": [6, 4, 7, 2], "rotation": 90, "texture": "#0"},
				"south": {"uv": [7, 2, 6, 4], "rotation": 180, "texture": "#0"},
				"west": {"uv": [6, 4, 7, 2], "rotation": 270, "texture": "#0"},
				"up": {"uv": [6, 4, 7, 2], "texture": "#0"},
				"down": {"uv": [6, 4, 7, 2], "rotation": 180, "texture": "#0"}
			}
		},
		{
			"from": [7.7, -5.8945, 6.2512],
			"to": [8.35, -4.8695, 6.6512],
			"rotation": {"angle": -22.5, "axis": "x", "origin": [7.95, -7.1695, 5.7512]},
			"faces": {
				"north": {"uv": [7, 2, 6, 4], "texture": "#0"},
				"east": {"uv": [6, 4, 7, 2], "rotation": 90, "texture": "#0"},
				"south": {"uv": [7, 2, 6, 4], "rotation": 180, "texture": "#0"},
				"west": {"uv": [6, 4, 7, 2], "rotation": 270, "texture": "#0"},
				"up": {"uv": [6, 4, 7, 2], "texture": "#0"},
				"down": {"uv": [6, 4, 7, 2], "rotation": 180, "texture": "#0"}
			}
		},
		{
			"from": [7.998, -6.87501, 7.77701],
			"to": [8.048, 13.09999, 8.27701],
			"rotation": {"angle": 0, "axis": "y", "origin": [7.998, -10.85001, 8.00201]},
			"faces": {
				"north": {"uv": [4, 0, 6, 1], "rotation": 90, "texture": "#0"},
				"east": {"uv": [4, 0, 6, 1], "rotation": 90, "texture": "#0"},
				"south": {"uv": [4, 0, 6, 1], "rotation": 90, "texture": "#0"},
				"west": {"uv": [4, 0, 6, 1], "rotation": 90, "texture": "#0"},
				"up": {"uv": [4, 0, 6, 1], "rotation": 90, "texture": "#0"},
				"down": {"uv": [4, 0, 6, 1], "rotation": 90, "texture": "#0"}
			}
		},
		{
			"from": [7.97323, 13.35372, 7.69387],
			"to": [8.07323, 14.03372, 8.37387],
			"rotation": {"angle": -45, "axis": "x", "origin": [7.98581, 13.60176, 8.141]},
			"faces": {
				"north": {"uv": [14, 3, 16, 5], "texture": "#0"},
				"east": {"uv": [14, 3, 16, 5], "texture": "#0"},
				"south": {"uv": [14, 3, 16, 5], "texture": "#0"},
				"west": {"uv": [14, 3, 16, 5], "texture": "#0"},
				"up": {"uv": [14, 3, 16, 5], "texture": "#0"},
				"down": {"uv": [14, 3, 16, 5], "texture": "#0"}
			}
		},
		{
			"from": [7.923, -6.87501, 8.20201],
			"to": [8.123, -1.02501, 9.30201],
			"rotation": {"angle": 0, "axis": "y", "origin": [7.998, -10.85001, 8.00201]},
			"faces": {
				"north": {"uv": [14, 13, 16, 16], "texture": "#0"},
				"east": {"uv": [14, 13, 16, 16], "texture": "#0"},
				"south": {"uv": [14, 13, 16, 16], "texture": "#0"},
				"west": {"uv": [14, 13, 16, 16], "texture": "#0"},
				"up": {"uv": [14, 13, 16, 16], "texture": "#0"},
				"down": {"uv": [14, 13, 16, 16], "texture": "#0"}
			}
		},
		{
			"from": [7.94799, -1.025, 8.20201],
			"to": [8.09799, 2.575, 9.17701],
			"rotation": {"angle": 0, "axis": "y", "origin": [7.99799, -9.7, 8.00201]},
			"faces": {
				"north": {"uv": [14, 11, 16, 13], "texture": "#0"},
				"east": {"uv": [14, 11, 16, 13], "texture": "#0"},
				"south": {"uv": [14, 11, 16, 13], "texture": "#0"},
				"west": {"uv": [14, 11, 16, 13], "texture": "#0"},
				"up": {"uv": [14, 11, 16, 13], "texture": "#0"},
				"down": {"uv": [14, 11, 16, 13], "texture": "#0"}
			}
		},
		{
			"from": [7.97299, 2.575, 8.20201],
			"to": [8.07299, 6.175, 9.07701],
			"rotation": {"angle": 0, "axis": "y", "origin": [7.99799, -5.7, 8.00201]},
			"faces": {
				"north": {"uv": [14, 9, 16, 11], "texture": "#0"},
				"east": {"uv": [14, 9, 16, 11], "texture": "#0"},
				"south": {"uv": [14, 9, 16, 11], "texture": "#0"},
				"west": {"uv": [14, 9, 16, 11], "texture": "#0"},
				"up": {"uv": [14, 9, 16, 11], "texture": "#0"},
				"down": {"uv": [14, 9, 16, 11], "texture": "#0"}
			}
		},
		{
			"from": [7.97299, 6.175, 8.20201],
			"to": [8.07299, 9.775, 8.97701],
			"rotation": {"angle": 0, "axis": "y", "origin": [7.99799, -5.7, 8.00201]},
			"faces": {
				"north": {"uv": [14, 7, 16, 9], "texture": "#0"},
				"east": {"uv": [14, 7, 16, 9], "texture": "#0"},
				"south": {"uv": [14, 7, 16, 9], "texture": "#0"},
				"west": {"uv": [14, 7, 16, 9], "texture": "#0"},
				"up": {"uv": [14, 7, 16, 9], "texture": "#0"},
				"down": {"uv": [14, 7, 16, 9], "texture": "#0"}
			}
		},
		{
			"from": [7.973, 9.775, 8.20201],
			"to": [8.073, 12.575, 8.90201],
			"rotation": {"angle": 0, "axis": "y", "origin": [7.99799, -5.7, 8.00201]},
			"faces": {
				"north": {"uv": [14, 5, 16, 7], "texture": "#0"},
				"east": {"uv": [14, 5, 16, 7], "texture": "#0"},
				"south": {"uv": [14, 5, 16, 7], "texture": "#0"},
				"west": {"uv": [14, 5, 16, 7], "texture": "#0"},
				"up": {"uv": [14, 5, 16, 7], "texture": "#0"},
				"down": {"uv": [14, 5, 16, 7], "texture": "#0"}
			}
		},
		{
			"from": [7.97322, 12.39985, 7.86944],
			"to": [8.07322, 13.49985, 8.51944],
			"rotation": {"angle": -22.5, "axis": "x", "origin": [7.98502, 13.44896, 8.27102]},
			"faces": {
				"north": {"uv": [14, 3, 16, 5], "texture": "#0"},
				"east": {"uv": [14, 3, 16, 5], "texture": "#0"},
				"south": {"uv": [14, 3, 16, 5], "texture": "#0"},
				"west": {"uv": [14, 3, 16, 5], "texture": "#0"},
				"up": {"uv": [14, 3, 16, 5], "texture": "#0"},
				"down": {"uv": [14, 3, 16, 5], "texture": "#0"}
			}
		},
		{
			"from": [7.94801, -1.34168, 8.52577],
			"to": [8.09801, -0.99168, 8.65077],
			"rotation": {"angle": -22.5, "axis": "x", "origin": [8.01055, 0.45364, 8.1804]},
			"faces": {
				"north": {"uv": [15, 11, 16, 13], "texture": "#0"},
				"east": {"uv": [15, 11, 16, 13], "texture": "#0"},
				"south": {"uv": [15, 11, 16, 13], "texture": "#0"},
				"west": {"uv": [15, 11, 16, 13], "texture": "#0"},
				"up": {"uv": [15, 11, 16, 13], "texture": "#0"},
				"down": {"uv": [15, 11, 16, 13], "texture": "#0"}
			}
		},
		{
			"from": [7.97347, 2.25855, 8.40008],
			"to": [8.07347, 2.60855, 8.52508],
			"rotation": {"angle": -22.5, "axis": "x", "origin": [8.01102, 4.05387, 8.05471]},
			"faces": {
				"north": {"uv": [15, 9, 16, 11], "texture": "#0"},
				"east": {"uv": [15, 9, 16, 11], "texture": "#0"},
				"south": {"uv": [15, 9, 16, 11], "texture": "#0"},
				"west": {"uv": [15, 9, 16, 11], "texture": "#0"},
				"up": {"uv": [15, 9, 16, 11], "texture": "#0"},
				"down": {"uv": [15, 9, 16, 11], "texture": "#0"}
			}
		},
		{
			"from": [7.97288, 4.71051, 8.52903],
			"to": [8.07288, 5.06051, 8.65403],
			"rotation": {"angle": -22.5, "axis": "x", "origin": [8.01042, 6.50582, 5.18366]},
			"faces": {
				"north": {"uv": [15, 7, 16, 9], "texture": "#0"},
				"east": {"uv": [15, 7, 16, 9], "texture": "#0"},
				"south": {"uv": [15, 7, 16, 9], "texture": "#0"},
				"west": {"uv": [15, 7, 16, 9], "texture": "#0"},
				"up": {"uv": [15, 7, 16, 9], "texture": "#0"},
				"down": {"uv": [15, 7, 16, 9], "texture": "#0"}
			}
		},
		{
			"from": [7.973, 7.54831, 8.58634],
			"to": [8.073, 7.89831, 8.71134],
			"rotation": {"angle": -22.5, "axis": "x", "origin": [8.00219, 9.34362, 3.24097]},
			"faces": {
				"north": {"uv": [15, 7, 16, 9], "texture": "#0"},
				"east": {"uv": [15, 7, 16, 9], "texture": "#0"},
				"south": {"uv": [15, 7, 16, 9], "texture": "#0"},
				"west": {"uv": [15, 7, 16, 9], "texture": "#0"},
				"up": {"uv": [15, 7, 16, 9], "texture": "#0"},
				"down": {"uv": [15, 7, 16, 9], "texture": "#0"}
			}
		},
		{
			"from": [8, 6.25262, 8.35524],
			"to": [8.05, 9.25262, 8.95524],
			"rotation": {"angle": -22.5, "axis": "x", "origin": [8.01053, 9.72294, 4.15987]},
			"faces": {
				"north": {"uv": [1, 8, 2, 10], "texture": "#0"},
				"east": {"uv": [1, 8, 2, 10], "texture": "#0"},
				"south": {"uv": [1, 8, 2, 10], "texture": "#0"},
				"west": {"uv": [1, 8, 2, 10], "texture": "#0"},
				"up": {"uv": [1, 8, 2, 10], "texture": "#0"},
				"down": {"uv": [1, 8, 2, 10], "texture": "#0"}
			}
		},
		{
			"from": [8, 8.20094, 9.96281],
			"to": [8.05, 8.62594, 10.38781],
			"rotation": {"angle": 22.5, "axis": "x", "origin": [7.994, 9.66697, 9.46572]},
			"faces": {
				"north": {"uv": [1, 8, 2, 10], "rotation": 180, "texture": "#0"},
				"east": {"uv": [1, 8, 2, 10], "rotation": 90, "texture": "#0"},
				"south": {"uv": [1, 8, 2, 10], "texture": "#0"},
				"west": {"uv": [1, 8, 2, 10], "rotation": 270, "texture": "#0"},
				"up": {"uv": [1, 8, 2, 10], "texture": "#0"},
				"down": {"uv": [1, 8, 2, 10], "rotation": 180, "texture": "#0"}
			}
		},
		{
			"from": [7.94997, -2.27373, 9.31111],
			"to": [8.09997, -1.92373, 10.46111],
			"rotation": {"angle": 45, "axis": "x", "origin": [8.0159, -1.45988, 10.39089]},
			"faces": {
				"north": {"uv": [1, 8, 2, 10], "rotation": 180, "texture": "#0"},
				"east": {"uv": [1, 8, 2, 10], "rotation": 90, "texture": "#0"},
				"south": {"uv": [1, 8, 2, 10], "texture": "#0"},
				"west": {"uv": [1, 8, 2, 10], "rotation": 270, "texture": "#0"},
				"up": {"uv": [1, 8, 2, 10], "texture": "#0"},
				"down": {"uv": [1, 8, 2, 10], "rotation": 180, "texture": "#0"}
			}
		},
		{
			"from": [7.97497, 1.32627, 9.18611],
			"to": [8.07497, 1.67627, 10.33611],
			"rotation": {"angle": 45, "axis": "x", "origin": [8.0159, 2.14012, 10.26589]},
			"faces": {
				"north": {"uv": [1, 8, 2, 10], "rotation": 180, "texture": "#0"},
				"east": {"uv": [1, 8, 2, 10], "rotation": 90, "texture": "#0"},
				"south": {"uv": [1, 8, 2, 10], "texture": "#0"},
				"west": {"uv": [1, 8, 2, 10], "rotation": 270, "texture": "#0"},
				"up": {"uv": [1, 8, 2, 10], "texture": "#0"},
				"down": {"uv": [1, 8, 2, 10], "rotation": 180, "texture": "#0"}
			}
		},
		{
			"from": [7.99997, 4.92627, 9.08611],
			"to": [8.04997, 5.27627, 10.23611],
			"rotation": {"angle": 45, "axis": "x", "origin": [8.0159, 5.74012, 10.16589]},
			"faces": {
				"north": {"uv": [1, 8, 2, 10], "rotation": 180, "texture": "#0"},
				"east": {"uv": [1, 8, 2, 10], "rotation": 90, "texture": "#0"},
				"south": {"uv": [1, 8, 2, 10], "texture": "#0"},
				"west": {"uv": [1, 8, 2, 10], "rotation": 270, "texture": "#0"},
				"up": {"uv": [1, 8, 2, 10], "texture": "#0"},
				"down": {"uv": [1, 8, 2, 10], "rotation": 180, "texture": "#0"}
			}
		},
		{
			"from": [7.95024, -2.16444, 9.79513],
			"to": [8.10024, -1.91694, 10.04263],
			"rotation": {"angle": -22.5, "axis": "x", "origin": [8.01492, -1.70236, 9.87743]},
			"faces": {
				"north": {"uv": [1, 8, 2, 10], "texture": "#0"},
				"east": {"uv": [1, 8, 2, 10], "texture": "#0"},
				"south": {"uv": [1, 8, 2, 10], "texture": "#0"},
				"west": {"uv": [1, 8, 2, 10], "texture": "#0"},
				"up": {"uv": [1, 8, 2, 10], "texture": "#0"},
				"down": {"uv": [1, 8, 2, 10], "texture": "#0"}
			}
		},
		{
			"from": [7.97524, 1.43556, 9.67013],
			"to": [8.07524, 1.68306, 9.91763],
			"rotation": {"angle": -22.5, "axis": "x", "origin": [8.01492, 1.89764, 9.75243]},
			"faces": {
				"north": {"uv": [1, 8, 2, 10], "texture": "#0"},
				"east": {"uv": [1, 8, 2, 10], "texture": "#0"},
				"south": {"uv": [1, 8, 2, 10], "texture": "#0"},
				"west": {"uv": [1, 8, 2, 10], "texture": "#0"},
				"up": {"uv": [1, 8, 2, 10], "texture": "#0"},
				"down": {"uv": [1, 8, 2, 10], "texture": "#0"}
			}
		},
		{
			"from": [8.00024, 5.03556, 9.57013],
			"to": [8.05024, 5.28306, 9.81763],
			"rotation": {"angle": -22.5, "axis": "x", "origin": [8.01492, 5.49764, 9.65243]},
			"faces": {
				"north": {"uv": [1, 8, 2, 10], "texture": "#0"},
				"east": {"uv": [1, 8, 2, 10], "texture": "#0"},
				"south": {"uv": [1, 8, 2, 10], "texture": "#0"},
				"west": {"uv": [1, 8, 2, 10], "texture": "#0"},
				"up": {"uv": [1, 8, 2, 10], "texture": "#0"},
				"down": {"uv": [1, 8, 2, 10], "texture": "#0"}
			}
		},
		{
			"from": [7.95024, -1.95887, 9.21591],
			"to": [8.10024, -1.60887, 10.09091],
			"rotation": {"angle": 22.5, "axis": "x", "origin": [8.01492, -1.77657, 9.52708]},
			"faces": {
				"north": {"uv": [1, 8, 2, 10], "rotation": 180, "texture": "#0"},
				"east": {"uv": [1, 8, 2, 10], "rotation": 90, "texture": "#0"},
				"south": {"uv": [1, 8, 2, 10], "texture": "#0"},
				"west": {"uv": [1, 8, 2, 10], "rotation": 270, "texture": "#0"},
				"up": {"uv": [1, 8, 2, 10], "texture": "#0"},
				"down": {"uv": [1, 8, 2, 10], "rotation": 180, "texture": "#0"}
			}
		},
		{
			"from": [7.97524, 1.64113, 9.09091],
			"to": [8.07524, 1.99113, 9.96591],
			"rotation": {"angle": 22.5, "axis": "x", "origin": [8.01492, 1.82343, 9.40208]},
			"faces": {
				"north": {"uv": [1, 8, 2, 10], "rotation": 180, "texture": "#0"},
				"east": {"uv": [1, 8, 2, 10], "rotation": 90, "texture": "#0"},
				"south": {"uv": [1, 8, 2, 10], "texture": "#0"},
				"west": {"uv": [1, 8, 2, 10], "rotation": 270, "texture": "#0"},
				"up": {"uv": [1, 8, 2, 10], "texture": "#0"},
				"down": {"uv": [1, 8, 2, 10], "rotation": 180, "texture": "#0"}
			}
		},
		{
			"from": [8.00024, 5.24113, 8.99091],
			"to": [8.05024, 5.59113, 9.86591],
			"rotation": {"angle": 22.5, "axis": "x", "origin": [8.01492, 5.42343, 9.30208]},
			"faces": {
				"north": {"uv": [1, 8, 2, 10], "rotation": 180, "texture": "#0"},
				"east": {"uv": [1, 8, 2, 10], "rotation": 90, "texture": "#0"},
				"south": {"uv": [1, 8, 2, 10], "texture": "#0"},
				"west": {"uv": [1, 8, 2, 10], "rotation": 270, "texture": "#0"},
				"up": {"uv": [1, 8, 2, 10], "texture": "#0"},
				"down": {"uv": [1, 8, 2, 10], "rotation": 180, "texture": "#0"}
			}
		},
		{
			"from": [7.923, -6.87501, 6.69799],
			"to": [8.123, -1.02501, 7.79799],
			"rotation": {"angle": 0, "axis": "y", "origin": [7.998, -10.85001, 7.99799]},
			"faces": {
				"north": {"uv": [16, 13, 14, 16], "texture": "#0"},
				"east": {"uv": [16, 13, 14, 16], "texture": "#0"},
				"south": {"uv": [16, 13, 14, 16], "texture": "#0"},
				"west": {"uv": [16, 13, 14, 16], "texture": "#0"},
				"up": {"uv": [14, 16, 16, 13], "texture": "#0"},
				"down": {"uv": [14, 16, 16, 13], "texture": "#0"}
			}
		},
		{
			"from": [7.94799, -1.025, 6.82299],
			"to": [8.09799, 2.575, 7.79799],
			"rotation": {"angle": 0, "axis": "y", "origin": [7.99799, -9.7, 7.99799]},
			"faces": {
				"north": {"uv": [16, 11, 14, 13], "texture": "#0"},
				"east": {"uv": [16, 11, 14, 13], "texture": "#0"},
				"south": {"uv": [16, 11, 14, 13], "texture": "#0"},
				"west": {"uv": [16, 11, 14, 13], "texture": "#0"},
				"up": {"uv": [14, 13, 16, 11], "texture": "#0"},
				"down": {"uv": [14, 13, 16, 11], "texture": "#0"}
			}
		},
		{
			"from": [7.97299, 2.575, 6.92299],
			"to": [8.07299, 6.175, 7.79799],
			"rotation": {"angle": 0, "axis": "y", "origin": [7.99799, -5.7, 7.99799]},
			"faces": {
				"north": {"uv": [16, 9, 14, 11], "texture": "#0"},
				"east": {"uv": [16, 9, 14, 11], "texture": "#0"},
				"south": {"uv": [16, 9, 14, 11], "texture": "#0"},
				"west": {"uv": [16, 9, 14, 11], "texture": "#0"},
				"up": {"uv": [14, 11, 16, 9], "texture": "#0"},
				"down": {"uv": [14, 11, 16, 9], "texture": "#0"}
			}
		},
		{
			"from": [7.97299, 6.175, 7.02299],
			"to": [8.07299, 9.775, 7.79799],
			"rotation": {"angle": 0, "axis": "y", "origin": [7.99799, -5.7, 7.99799]},
			"faces": {
				"north": {"uv": [16, 7, 14, 9], "texture": "#0"},
				"east": {"uv": [16, 7, 14, 9], "texture": "#0"},
				"south": {"uv": [16, 7, 14, 9], "texture": "#0"},
				"west": {"uv": [16, 7, 14, 9], "texture": "#0"},
				"up": {"uv": [14, 9, 16, 7], "texture": "#0"},
				"down": {"uv": [14, 9, 16, 7], "texture": "#0"}
			}
		},
		{
			"from": [7.973, 9.775, 7.09799],
			"to": [8.073, 12.575, 7.79799],
			"rotation": {"angle": 0, "axis": "y", "origin": [7.99799, -5.7, 7.99799]},
			"faces": {
				"north": {"uv": [16, 5, 14, 7], "texture": "#0"},
				"east": {"uv": [16, 5, 14, 7], "texture": "#0"},
				"south": {"uv": [16, 5, 14, 7], "texture": "#0"},
				"west": {"uv": [16, 5, 14, 7], "texture": "#0"},
				"up": {"uv": [14, 7, 16, 5], "texture": "#0"},
				"down": {"uv": [14, 7, 16, 5], "texture": "#0"}
			}
		},
		{
			"from": [7.97322, 12.39985, 7.48056],
			"to": [8.07322, 13.49985, 8.13056],
			"rotation": {"angle": 22.5, "axis": "x", "origin": [7.98502, 13.44896, 7.72898]},
			"faces": {
				"north": {"uv": [16, 3, 14, 5], "texture": "#0"},
				"east": {"uv": [16, 3, 14, 5], "texture": "#0"},
				"south": {"uv": [16, 3, 14, 5], "texture": "#0"},
				"west": {"uv": [16, 3, 14, 5], "texture": "#0"},
				"up": {"uv": [14, 5, 16, 3], "texture": "#0"},
				"down": {"uv": [14, 5, 16, 3], "texture": "#0"}
			}
		},
		{
			"from": [7.94801, -1.34168, 7.34923],
			"to": [8.09801, -0.99168, 7.47423],
			"rotation": {"angle": 22.5, "axis": "x", "origin": [8.01055, 0.45364, 7.8196]},
			"faces": {
				"north": {"uv": [16, 11, 15, 13], "texture": "#0"},
				"east": {"uv": [16, 11, 15, 13], "texture": "#0"},
				"south": {"uv": [16, 11, 15, 13], "texture": "#0"},
				"west": {"uv": [16, 11, 15, 13], "texture": "#0"},
				"up": {"uv": [15, 13, 16, 11], "texture": "#0"},
				"down": {"uv": [15, 13, 16, 11], "texture": "#0"}
			}
		},
		{
			"from": [7.97347, 2.25855, 7.47492],
			"to": [8.07347, 2.60855, 7.59992],
			"rotation": {"angle": 22.5, "axis": "x", "origin": [8.01102, 4.05387, 7.94529]},
			"faces": {
				"north": {"uv": [16, 9, 15, 11], "texture": "#0"},
				"east": {"uv": [16, 9, 15, 11], "texture": "#0"},
				"south": {"uv": [16, 9, 15, 11], "texture": "#0"},
				"west": {"uv": [16, 9, 15, 11], "texture": "#0"},
				"up": {"uv": [15, 11, 16, 9], "texture": "#0"},
				"down": {"uv": [15, 11, 16, 9], "texture": "#0"}
			}
		},
		{
			"from": [7.97288, 4.71051, 7.34597],
			"to": [8.07288, 5.06051, 7.47097],
			"rotation": {"angle": 22.5, "axis": "x", "origin": [8.01042, 6.50582, 10.81634]},
			"faces": {
				"north": {"uv": [16, 7, 15, 9], "texture": "#0"},
				"east": {"uv": [16, 7, 15, 9], "texture": "#0"},
				"south": {"uv": [16, 7, 15, 9], "texture": "#0"},
				"west": {"uv": [16, 7, 15, 9], "texture": "#0"},
				"up": {"uv": [15, 9, 16, 7], "texture": "#0"},
				"down": {"uv": [15, 9, 16, 7], "texture": "#0"}
			}
		},
		{
			"from": [7.973, 7.54831, 7.28866],
			"to": [8.073, 7.89831, 7.41366],
			"rotation": {"angle": 22.5, "axis": "x", "origin": [8.00219, 9.34362, 12.75903]},
			"faces": {
				"north": {"uv": [16, 7, 15, 9], "texture": "#0"},
				"east": {"uv": [16, 7, 15, 9], "texture": "#0"},
				"south": {"uv": [16, 7, 15, 9], "texture": "#0"},
				"west": {"uv": [16, 7, 15, 9], "texture": "#0"},
				"up": {"uv": [15, 9, 16, 7], "texture": "#0"},
				"down": {"uv": [15, 9, 16, 7], "texture": "#0"}
			}
		},
		{
			"from": [8, 6.25262, 7.04476],
			"to": [8.05, 9.25262, 7.64476],
			"rotation": {"angle": 22.5, "axis": "x", "origin": [8.01053, 9.72294, 11.84013]},
			"faces": {
				"north": {"uv": [2, 8, 1, 10], "texture": "#0"},
				"east": {"uv": [2, 8, 1, 10], "texture": "#0"},
				"south": {"uv": [2, 8, 1, 10], "texture": "#0"},
				"west": {"uv": [2, 8, 1, 10], "texture": "#0"},
				"up": {"uv": [1, 10, 2, 8], "texture": "#0"},
				"down": {"uv": [1, 10, 2, 8], "texture": "#0"}
			}
		},
		{
			"from": [8, 8.20094, 5.61219],
			"to": [8.05, 8.62594, 6.03719],
			"rotation": {"angle": -22.5, "axis": "x", "origin": [7.994, 9.66697, 6.53428]},
			"faces": {
				"north": {"uv": [2, 8, 1, 10], "texture": "#0"},
				"east": {"uv": [1, 10, 2, 8], "rotation": 90, "texture": "#0"},
				"south": {"uv": [2, 8, 1, 10], "rotation": 180, "texture": "#0"},
				"west": {"uv": [1, 10, 2, 8], "rotation": 270, "texture": "#0"},
				"up": {"uv": [1, 10, 2, 8], "texture": "#0"},
				"down": {"uv": [1, 10, 2, 8], "rotation": 180, "texture": "#0"}
			}
		},
		{
			"from": [7.94997, -2.27373, 5.53889],
			"to": [8.09997, -1.92373, 6.68889],
			"rotation": {"angle": -45, "axis": "x", "origin": [8.0159, -1.45988, 5.60911]},
			"faces": {
				"north": {"uv": [2, 8, 1, 10], "texture": "#0"},
				"east": {"uv": [1, 10, 2, 8], "rotation": 90, "texture": "#0"},
				"south": {"uv": [2, 8, 1, 10], "rotation": 180, "texture": "#0"},
				"west": {"uv": [1, 10, 2, 8], "rotation": 270, "texture": "#0"},
				"up": {"uv": [1, 10, 2, 8], "texture": "#0"},
				"down": {"uv": [1, 10, 2, 8], "rotation": 180, "texture": "#0"}
			}
		},
		{
			"from": [7.97497, 1.32627, 5.66389],
			"to": [8.07497, 1.67627, 6.81389],
			"rotation": {"angle": -45, "axis": "x", "origin": [8.0159, 2.14012, 5.73411]},
			"faces": {
				"north": {"uv": [2, 8, 1, 10], "texture": "#0"},
				"east": {"uv": [1, 10, 2, 8], "rotation": 90, "texture": "#0"},
				"south": {"uv": [2, 8, 1, 10], "rotation": 180, "texture": "#0"},
				"west": {"uv": [1, 10, 2, 8], "rotation": 270, "texture": "#0"},
				"up": {"uv": [1, 10, 2, 8], "texture": "#0"},
				"down": {"uv": [1, 10, 2, 8], "rotation": 180, "texture": "#0"}
			}
		},
		{
			"from": [7.99997, 4.92627, 5.76389],
			"to": [8.04997, 5.27627, 6.91389],
			"rotation": {"angle": -45, "axis": "x", "origin": [8.0159, 5.74012, 5.83411]},
			"faces": {
				"north": {"uv": [2, 8, 1, 10], "texture": "#0"},
				"east": {"uv": [1, 10, 2, 8], "rotation": 90, "texture": "#0"},
				"south": {"uv": [2, 8, 1, 10], "rotation": 180, "texture": "#0"},
				"west": {"uv": [1, 10, 2, 8], "rotation": 270, "texture": "#0"},
				"up": {"uv": [1, 10, 2, 8], "texture": "#0"},
				"down": {"uv": [1, 10, 2, 8], "rotation": 180, "texture": "#0"}
			}
		},
		{
			"from": [7.95024, -2.16444, 5.95737],
			"to": [8.10024, -1.91694, 6.20487],
			"rotation": {"angle": 22.5, "axis": "x", "origin": [8.01492, -1.70236, 6.12257]},
			"faces": {
				"north": {"uv": [2, 8, 1, 10], "texture": "#0"},
				"east": {"uv": [2, 8, 1, 10], "texture": "#0"},
				"south": {"uv": [2, 8, 1, 10], "texture": "#0"},
				"west": {"uv": [2, 8, 1, 10], "texture": "#0"},
				"up": {"uv": [1, 10, 2, 8], "texture": "#0"},
				"down": {"uv": [1, 10, 2, 8], "texture": "#0"}
			}
		},
		{
			"from": [7.97524, 1.43556, 6.08237],
			"to": [8.07524, 1.68306, 6.32987],
			"rotation": {"angle": 22.5, "axis": "x", "origin": [8.01492, 1.89764, 6.24757]},
			"faces": {
				"north": {"uv": [2, 8, 1, 10], "texture": "#0"},
				"east": {"uv": [2, 8, 1, 10], "texture": "#0"},
				"south": {"uv": [2, 8, 1, 10], "texture": "#0"},
				"west": {"uv": [2, 8, 1, 10], "texture": "#0"},
				"up": {"uv": [1, 10, 2, 8], "texture": "#0"},
				"down": {"uv": [1, 10, 2, 8], "texture": "#0"}
			}
		},
		{
			"from": [8.00024, 5.03556, 6.18237],
			"to": [8.05024, 5.28306, 6.42987],
			"rotation": {"angle": 22.5, "axis": "x", "origin": [8.01492, 5.49764, 6.34757]},
			"faces": {
				"north": {"uv": [2, 8, 1, 10], "texture": "#0"},
				"east": {"uv": [2, 8, 1, 10], "texture": "#0"},
				"south": {"uv": [2, 8, 1, 10], "texture": "#0"},
				"west": {"uv": [2, 8, 1, 10], "texture": "#0"},
				"up": {"uv": [1, 10, 2, 8], "texture": "#0"},
				"down": {"uv": [1, 10, 2, 8], "texture": "#0"}
			}
		},
		{
			"from": [7.95024, -1.95887, 5.90909],
			"to": [8.10024, -1.60887, 6.78409],
			"rotation": {"angle": -22.5, "axis": "x", "origin": [8.01492, -1.77657, 6.47292]},
			"faces": {
				"north": {"uv": [2, 8, 1, 10], "texture": "#0"},
				"east": {"uv": [1, 10, 2, 8], "rotation": 90, "texture": "#0"},
				"south": {"uv": [2, 8, 1, 10], "rotation": 180, "texture": "#0"},
				"west": {"uv": [1, 10, 2, 8], "rotation": 270, "texture": "#0"},
				"up": {"uv": [1, 10, 2, 8], "texture": "#0"},
				"down": {"uv": [1, 10, 2, 8], "rotation": 180, "texture": "#0"}
			}
		},
		{
			"from": [7.97524, 1.64113, 6.03409],
			"to": [8.07524, 1.99113, 6.90909],
			"rotation": {"angle": -22.5, "axis": "x", "origin": [8.01492, 1.82343, 6.59792]},
			"faces": {
				"north": {"uv": [2, 8, 1, 10], "texture": "#0"},
				"east": {"uv": [1, 10, 2, 8], "rotation": 90, "texture": "#0"},
				"south": {"uv": [2, 8, 1, 10], "rotation": 180, "texture": "#0"},
				"west": {"uv": [1, 10, 2, 8], "rotation": 270, "texture": "#0"},
				"up": {"uv": [1, 10, 2, 8], "texture": "#0"},
				"down": {"uv": [1, 10, 2, 8], "rotation": 180, "texture": "#0"}
			}
		},
		{
			"from": [8.00024, 5.24113, 6.13409],
			"to": [8.05024, 5.59113, 7.00909],
			"rotation": {"angle": -22.5, "axis": "x", "origin": [8.01492, 5.42343, 6.69792]},
			"faces": {
				"north": {"uv": [2, 8, 1, 10], "texture": "#0"},
				"east": {"uv": [1, 10, 2, 8], "rotation": 90, "texture": "#0"},
				"south": {"uv": [2, 8, 1, 10], "rotation": 180, "texture": "#0"},
				"west": {"uv": [1, 10, 2, 8], "rotation": 270, "texture": "#0"},
				"up": {"uv": [1, 10, 2, 8], "texture": "#0"},
				"down": {"uv": [1, 10, 2, 8], "rotation": 180, "texture": "#0"}
			}
		},
		{
			"from": [7.25, -14.425, 7.35],
			"to": [8.8, -13.475, 8.65],
			"rotation": {"angle": 0, "axis": "z", "origin": [8.025, -13.125, 8]},
			"faces": {
				"north": {"uv": [4, 13, 7, 16], "rotation": 270, "texture": "#0"},
				"east": {"uv": [4, 13, 7, 16], "rotation": 270, "texture": "#0"},
				"south": {"uv": [4, 13, 7, 16], "rotation": 270, "texture": "#0"},
				"west": {"uv": [4, 13, 7, 16], "rotation": 270, "texture": "#0"},
				"up": {"uv": [4, 13, 7, 16], "rotation": 270, "texture": "#0"},
				"down": {"uv": [4, 13, 7, 16], "rotation": 270, "texture": "#0"}
			}
		},
		{
			"from": [7.26, -13.6572, 7.73496],
			"to": [8.79, -13.2822, 8.44496],
			"rotation": {"angle": 22.5, "axis": "x", "origin": [8.025, -13.9072, 8.07499]},
			"faces": {
				"north": {"uv": [4, 12, 7, 13], "texture": "#0"},
				"east": {"uv": [4, 12, 7, 13], "texture": "#0"},
				"south": {"uv": [4, 12, 7, 13], "texture": "#0"},
				"west": {"uv": [4, 12, 7, 13], "texture": "#0"},
				"up": {"uv": [4, 12, 7, 13], "texture": "#0"},
				"down": {"uv": [4, 12, 7, 13], "texture": "#0"}
			}
		},
		{
			"from": [7.26, -13.66484, 7.55656],
			"to": [8.79, -13.28984, 8.26656],
			"rotation": {"angle": -22.5, "axis": "x", "origin": [8.025, -13.91484, 7.90656]},
			"faces": {
				"north": {"uv": [4, 12, 7, 13], "texture": "#0"},
				"east": {"uv": [4, 12, 7, 13], "texture": "#0"},
				"south": {"uv": [4, 12, 7, 13], "texture": "#0"},
				"west": {"uv": [4, 12, 7, 13], "texture": "#0"},
				"up": {"uv": [4, 12, 7, 13], "texture": "#0"},
				"down": {"uv": [4, 12, 7, 13], "texture": "#0"}
			}
		},
		{
			"from": [7.25, -14.6178, 7.73496],
			"to": [8.79, -14.2428, 8.44496],
			"rotation": {"angle": -22.5, "axis": "x", "origin": [8.025, -13.9928, 8.07499]},
			"faces": {
				"north": {"uv": [4, 13, 7, 16], "texture": "#0"},
				"east": {"uv": [4, 11, 7, 12], "texture": "#0"},
				"south": {"uv": [4, 13, 7, 16], "texture": "#0"},
				"west": {"uv": [4, 13, 7, 16], "texture": "#0"},
				"up": {"uv": [4, 13, 7, 16], "texture": "#0"},
				"down": {"uv": [4, 13, 7, 16], "texture": "#0"}
			}
		},
		{
			"from": [7.25, -14.61016, 7.55656],
			"to": [8.79, -14.23516, 8.26656],
			"rotation": {"angle": 22.5, "axis": "x", "origin": [8.025, -13.98516, 7.90656]},
			"faces": {
				"north": {"uv": [4, 13, 7, 16], "texture": "#0"},
				"east": {"uv": [4, 11, 7, 12], "texture": "#0"},
				"south": {"uv": [4, 13, 7, 16], "texture": "#0"},
				"west": {"uv": [4, 13, 7, 16], "texture": "#0"},
				"up": {"uv": [4, 13, 7, 16], "texture": "#0"},
				"down": {"uv": [4, 13, 7, 16], "texture": "#0"}
			}
		},
		{
			"from": [7.275, -14.525, 7.25],
			"to": [8.775, -13.375, 8.75],
			"rotation": {"angle": 0, "axis": "z", "origin": [8.025, -13.125, 8]},
			"faces": {
				"north": {"uv": [6, 2, 7, 4], "rotation": 90, "texture": "#0"},
				"east": {"uv": [6, 2, 7, 4], "rotation": 270, "texture": "#0"},
				"south": {"uv": [6, 2, 7, 4], "rotation": 270, "texture": "#0"},
				"west": {"uv": [6, 2, 7, 4], "rotation": 270, "texture": "#0"},
				"up": {"uv": [6, 2, 7, 4], "rotation": 270, "texture": "#0"},
				"down": {"uv": [6, 2, 7, 4], "rotation": 270, "texture": "#0"}
			}
		},
		{
			"from": [7.275, -13.7572, 7.68496],
			"to": [8.775, -13.1572, 8.49496],
			"rotation": {"angle": 22.5, "axis": "x", "origin": [8.025, -13.9072, 8.07499]},
			"faces": {
				"north": {"uv": [6, 4, 7, 2], "rotation": 270, "texture": "#0"},
				"east": {"uv": [7, 2, 6, 4], "rotation": 180, "texture": "#0"},
				"south": {"uv": [6, 4, 7, 2], "rotation": 90, "texture": "#0"},
				"west": {"uv": [7, 2, 6, 4], "texture": "#0"},
				"up": {"uv": [7, 2, 6, 4], "rotation": 270, "texture": "#0"},
				"down": {"uv": [7, 2, 6, 4], "rotation": 270, "texture": "#0"}
			}
		},
		{
			"from": [7.275, -13.76484, 7.50656],
			"to": [8.775, -13.16484, 8.31656],
			"rotation": {"angle": -22.5, "axis": "x", "origin": [8.025, -13.91484, 7.90656]},
			"faces": {
				"north": {"uv": [6, 2, 7, 4], "rotation": 90, "texture": "#0"},
				"east": {"uv": [6, 2, 7, 4], "rotation": 180, "texture": "#0"},
				"south": {"uv": [6, 2, 7, 4], "rotation": 270, "texture": "#0"},
				"west": {"uv": [6, 2, 7, 4], "texture": "#0"},
				"up": {"uv": [6, 2, 7, 4], "rotation": 270, "texture": "#0"},
				"down": {"uv": [6, 2, 7, 4], "rotation": 270, "texture": "#0"}
			}
		},
		{
			"from": [7.275, -14.7428, 7.68496],
			"to": [8.775, -14.1428, 8.49496],
			"rotation": {"angle": -22.5, "axis": "x", "origin": [8.025, -13.9928, 8.07499]},
			"faces": {
				"north": {"uv": [7, 4, 6, 2], "rotation": 270, "texture": "#0"},
				"east": {"uv": [7, 4, 6, 2], "rotation": 180, "texture": "#0"},
				"south": {"uv": [7, 4, 6, 2], "rotation": 90, "texture": "#0"},
				"west": {"uv": [7, 4, 6, 2], "texture": "#0"},
				"up": {"uv": [6, 2, 7, 4], "rotation": 270, "texture": "#0"},
				"down": {"uv": [6, 2, 7, 4], "rotation": 270, "texture": "#0"}
			}
		},
		{
			"from": [7.275, -14.73516, 7.50656],
			"to": [8.775, -14.13516, 8.31656],
			"rotation": {"angle": 22.5, "axis": "x", "origin": [8.025, -13.98516, 7.90656]},
			"faces": {
				"north": {"uv": [7, 2, 6, 4], "rotation": 90, "texture": "#0"},
				"east": {"uv": [6, 4, 7, 2], "rotation": 180, "texture": "#0"},
				"south": {"uv": [7, 2, 6, 4], "rotation": 270, "texture": "#0"},
				"west": {"uv": [6, 4, 7, 2], "texture": "#0"},
				"up": {"uv": [7, 2, 6, 4], "rotation": 270, "texture": "#0"},
				"down": {"uv": [7, 2, 6, 4], "rotation": 270, "texture": "#0"}
			}
		},
		{
			"from": [7.525, -13.425, 7.5],
			"to": [8.525, -12.925, 8.5],
			"rotation": {"angle": 0, "axis": "y", "origin": [8, -5.1, 8]},
			"faces": {
				"north": {"uv": [6, 2, 7, 4], "texture": "#0"},
				"east": {"uv": [6, 2, 7, 4], "texture": "#0"},
				"south": {"uv": [6, 2, 7, 4], "texture": "#0"},
				"west": {"uv": [6, 2, 7, 4], "texture": "#0"},
				"up": {"uv": [6, 2, 7, 4], "texture": "#0"},
				"down": {"uv": [6, 2, 7, 4], "texture": "#0"}
			}
		},
		{
			"from": [7.89, -6.65, 7.25],
			"to": [8.151, 1.325, 8.75],
			"rotation": {"angle": 0, "axis": "z", "origin": [8.025, -3.675, 8]},
			"faces": {
				"north": {"uv": [0, 6.375, 13, 9.375], "rotation": 270, "texture": "#1"},
				"east": {"uv": [0, 6.375, 13, 9.375], "rotation": 270, "texture": "#1"},
				"south": {"uv": [0, 6.375, 13, 9.375], "rotation": 270, "texture": "#1"},
				"west": {"uv": [0, 6.375, 13, 9.375], "rotation": 270, "texture": "#1"},
				"up": {"uv": [0, 6.375, 13, 9.375], "rotation": 270, "texture": "#1"},
				"down": {"uv": [0, 6.375, 13, 9.375], "rotation": 270, "texture": "#1"}
			}
		},
		{
			"from": [7.9, 0.84925, 7.59649],
			"to": [8.15, 1.44925, 8.65649],
			"rotation": {"angle": 45, "axis": "x", "origin": [8.025, 1.14925, 8.25149]},
			"faces": {
				"north": {"uv": [6, 14, 7, 16], "texture": "#0"},
				"east": {"uv": [6, 14, 7, 16], "texture": "#0"},
				"south": {"uv": [6, 14, 7, 16], "texture": "#0"},
				"west": {"uv": [6, 14, 7, 16], "texture": "#0"},
				"up": {"uv": [6, 14, 7, 16], "texture": "#0"},
				"down": {"uv": [6, 14, 7, 16], "texture": "#0"}
			}
		},
		{
			"from": [7.9, 0.84925, 7.34351],
			"to": [8.15, 1.44925, 8.40351],
			"rotation": {"angle": -45, "axis": "x", "origin": [8.025, 1.14925, 7.74851]},
			"faces": {
				"north": {"uv": [6, 14, 7, 16], "texture": "#0"},
				"east": {"uv": [6, 14, 7, 16], "texture": "#0"},
				"south": {"uv": [6, 14, 7, 16], "texture": "#0"},
				"west": {"uv": [6, 14, 7, 16], "texture": "#0"},
				"up": {"uv": [6, 14, 7, 16], "texture": "#0"},
				"down": {"uv": [6, 14, 7, 16], "texture": "#0"}
			}
		},
		{
			"from": [7.85, -5.975, 7.6],
			"to": [8.2, -4.925, 8.4],
			"rotation": {"angle": 0, "axis": "y", "origin": [8.025, -4.675, 8]},
			"faces": {
				"north": {"uv": [8, 13, 11, 16], "rotation": 270, "texture": "#0"},
				"east": {"uv": [8, 13, 11, 16], "rotation": 270, "texture": "#0"},
				"south": {"uv": [8, 13, 11, 16], "rotation": 270, "texture": "#0"},
				"west": {"uv": [8, 13, 11, 16], "rotation": 270, "texture": "#0"},
				"up": {"uv": [8, 13, 11, 16], "rotation": 270, "texture": "#0"},
				"down": {"uv": [8, 13, 11, 16], "rotation": 270, "texture": "#0"}
			}
		},
		{
			"from": [7.86, -5.15305, 7.89997],
			"to": [8.19, -4.77805, 8.33497],
			"rotation": {"angle": 22.5, "axis": "x", "origin": [8.015, -5.01499, 7.99809]},
			"faces": {
				"north": {"uv": [8, 12, 11, 13], "rotation": 180, "texture": "#0"},
				"east": {"uv": [8, 12, 11, 13], "rotation": 180, "texture": "#0"},
				"south": {"uv": [8, 12, 11, 13], "rotation": 180, "texture": "#0"},
				"west": {"uv": [8, 12, 11, 13], "rotation": 180, "texture": "#0"},
				"up": {"uv": [8, 12, 11, 13], "rotation": 180, "texture": "#0"},
				"down": {"uv": [8, 12, 11, 13], "rotation": 180, "texture": "#0"}
			}
		},
		{
			"from": [7.86, -5.15305, 7.66503],
			"to": [8.19, -4.77805, 8.10003],
			"rotation": {"angle": -22.5, "axis": "x", "origin": [8.015, -5.01499, 8.00191]},
			"faces": {
				"north": {"uv": [8, 12, 11, 13], "texture": "#0"},
				"east": {"uv": [8, 12, 11, 13], "texture": "#0"},
				"south": {"uv": [8, 12, 11, 13], "texture": "#0"},
				"west": {"uv": [8, 12, 11, 13], "texture": "#0"},
				"up": {"uv": [8, 12, 11, 13], "texture": "#0"},
				"down": {"uv": [8, 12, 11, 13], "texture": "#0"}
			}
		},
		{
			"from": [7.86, -6.06849, 7.73496],
			"to": [8.19, -5.69349, 8.16996],
			"rotation": {"angle": -22.5, "axis": "x", "origin": [8.015, -5.44349, 8.04999]},
			"faces": {
				"north": {"uv": [8, 11, 11, 12], "rotation": 180, "texture": "#0"},
				"east": {"uv": [8, 11, 11, 12], "rotation": 180, "texture": "#0"},
				"south": {"uv": [8, 11, 11, 12], "rotation": 180, "texture": "#0"},
				"west": {"uv": [8, 11, 11, 12], "rotation": 180, "texture": "#0"},
				"up": {"uv": [8, 11, 11, 12], "rotation": 180, "texture": "#0"},
				"down": {"uv": [8, 11, 11, 12], "rotation": 180, "texture": "#0"}
			}
		},
		{
			"from": [7.86, -6.06084, 7.83157],
			"to": [8.19, -5.68584, 8.26657],
			"rotation": {"angle": 22.5, "axis": "x", "origin": [8.015, -5.43584, 7.93157]},
			"faces": {
				"north": {"uv": [8, 11, 11, 12], "texture": "#0"},
				"east": {"uv": [8, 11, 11, 12], "texture": "#0"},
				"south": {"uv": [8, 11, 11, 12], "texture": "#0"},
				"west": {"uv": [8, 11, 11, 12], "texture": "#0"},
				"up": {"uv": [8, 11, 11, 12], "texture": "#0"},
				"down": {"uv": [8, 11, 11, 12], "texture": "#0"}
			}
		},
		{
			"from": [7.875, -6.025, 7.525],
			"to": [8.175, -4.875, 8.475],
			"rotation": {"angle": 0, "axis": "y", "origin": [8.025, -4.675, 8]},
			"faces": {
				"north": {"uv": [0, 4, 1, 5], "rotation": 270, "texture": "#0"},
				"east": {"uv": [0, 4, 1, 5], "rotation": 270, "texture": "#0"},
				"south": {"uv": [0, 4, 1, 5], "rotation": 270, "texture": "#0"},
				"west": {"uv": [0, 4, 1, 5], "rotation": 270, "texture": "#0"},
				"up": {"uv": [0, 4, 1, 5], "rotation": 270, "texture": "#0"},
				"down": {"uv": [0, 4, 1, 5], "rotation": 270, "texture": "#0"}
			}
		},
		{
			"from": [7.875, -5.34534, 7.68681],
			"to": [8.175, -4.74534, 8.20681],
			"rotation": {"angle": 22.5, "axis": "x", "origin": [8.025, -5.49534, 8.02684]},
			"faces": {
				"north": {"uv": [0, 4, 1, 5], "texture": "#0"},
				"east": {"uv": [0, 4, 1, 5], "texture": "#0"},
				"south": {"uv": [0, 4, 1, 5], "texture": "#0"},
				"west": {"uv": [0, 4, 1, 5], "texture": "#0"},
				"up": {"uv": [0, 4, 1, 5], "texture": "#0"},
				"down": {"uv": [0, 4, 1, 5], "texture": "#0"}
			}
		},
		{
			"from": [7.875, -5.35681, 7.79489],
			"to": [8.175, -4.75681, 8.31489],
			"rotation": {"angle": -22.5, "axis": "x", "origin": [8.025, -5.50681, 7.94489]},
			"faces": {
				"north": {"uv": [0, 4, 1, 5], "texture": "#0"},
				"east": {"uv": [0, 4, 1, 5], "texture": "#0"},
				"south": {"uv": [0, 4, 1, 5], "texture": "#0"},
				"west": {"uv": [0, 4, 1, 5], "texture": "#0"},
				"up": {"uv": [0, 4, 1, 5], "texture": "#0"},
				"down": {"uv": [0, 4, 1, 5], "texture": "#0"}
			}
		},
		{
			"from": [7.875, -6.15466, 7.68681],
			"to": [8.175, -5.55466, 8.20681],
			"rotation": {"angle": -22.5, "axis": "x", "origin": [8.025, -5.40466, 8.02684]},
			"faces": {
				"north": {"uv": [0, 5, 1, 4], "texture": "#0"},
				"east": {"uv": [0, 5, 1, 4], "texture": "#0"},
				"south": {"uv": [0, 5, 1, 4], "texture": "#0"},
				"west": {"uv": [0, 5, 1, 4], "texture": "#0"},
				"up": {"uv": [0, 5, 1, 4], "texture": "#0"},
				"down": {"uv": [0, 5, 1, 4], "texture": "#0"}
			}
		},
		{
			"from": [7.875, -6.14319, 7.79489],
			"to": [8.175, -5.54319, 8.31489],
			"rotation": {"angle": 22.5, "axis": "x", "origin": [8.025, -5.39319, 7.94489]},
			"faces": {
				"north": {"uv": [0, 5, 1, 4], "texture": "#0"},
				"east": {"uv": [0, 5, 1, 4], "texture": "#0"},
				"south": {"uv": [0, 5, 1, 4], "texture": "#0"},
				"west": {"uv": [0, 5, 1, 4], "texture": "#0"},
				"up": {"uv": [0, 5, 1, 4], "texture": "#0"},
				"down": {"uv": [0, 5, 1, 4], "texture": "#0"}
			}
		}
	],
	"display": {
		"thirdperson_righthand": {
			"translation": [0, 16.25, 1.25]
		},
		"thirdperson_lefthand": {
			"translation": [0, 16.25, 1.25]
		},
		"firstperson_righthand": {
			"rotation": [16, 0, 0],
			"translation": [0.25, 8.6, 1.8],
			"scale": [0.68, 0.68, 0.68]
		},
		"firstperson_lefthand": {
			"rotation": [16, 0, 0],
			"translation": [0.25, 8.6, 1.8],
			"scale": [0.68, 0.68, 0.68]
		},
		"ground": {
			"rotation": [0, 0, 90],
			"translation": [-9.5, -2.75, 0]
		},
		"gui": {
			"rotation": [39, 39, -53],
			"translation": [5, 8.25, 0]
		},
		"fixed": {
			"rotation": [0, 90, 0],
			"translation": [0, 20, -0.25],
			"scale": [2, 2, 2]
		}
	},
	"groups": [0, 1, 2, 3,
		{
			"name": "hand back",
			"origin": [8, 3.2, 8],
			"children": [4, 5, 6, 7, 8, 9, 10, 11, 12, 13, 14]
		},
		{
			"name": "hand back",
			"origin": [8, 3.2, 8],
			"children": [15, 16, 17, 18, 19, 20, 21]
		}, 22, 23,
		{
			"name": "blade back",
			"origin": [8, 8.2, 8],
			"children": [24, 25, 26, 27, 28, 29, 30, 31, 32, 33, 34, 35, 36, 37, 38, 39, 40, 41, 42, 43, 44]
		},
		{
			"name": "blade front",
			"origin": [8, 8.2, 8],
			"children": [45, 46, 47, 48, 49, 50, 51, 52, 53, 54, 55, 56, 57, 58, 59, 60, 61, 62, 63, 64, 65]
		},
		{
			"name": "group",
			"origin": [8, 8, 8],
			"children": [
				{
					"name": "group",
					"origin": [8, 7.2, 8],
					"children": [66,
						{
							"name": "group",
							"origin": [8.025, 0.38516, 7.90656],
							"children": [67, 68]
						},
						{
							"name": "group",
							"origin": [8.025, 0.38516, 7.90656],
							"children": [69, 70]
						},
						{
							"name": "group",
							"origin": [8, 7.2, 8],
							"children": []
						}
					]
				},
				{
					"name": "group",
					"origin": [8, 7.2, 8],
					"children": [71,
						{
							"name": "group",
							"origin": [8.025, 0.38516, 7.90656],
							"children": [72, 73]
						},
						{
							"name": "group",
							"origin": [8.025, 0.38516, 7.90656],
							"children": [74, 75]
						}
					]
				}, 76]
		},
		{
			"name": "group",
			"origin": [8, 8, 8],
			"children": [
				{
					"name": "group",
					"origin": [8, 7.2, 8],
					"children": [
						{
							"name": "group",
							"origin": [8.025, 0.38516, 7.90656],
							"children": []
						},
						{
							"name": "group",
							"origin": [8.025, 0.38516, 7.90656],
							"children": []
						},
						{
							"name": "group",
							"origin": [8, 7.2, 8],
							"children": []
						}
					]
				},
				{
					"name": "group",
					"origin": [8, 7.2, 8],
					"children": [77,
						{
							"name": "group",
							"origin": [8.025, 0.38516, 7.90656],
							"children": [78, 79]
						}
					]
				}
			]
		},
		{
			"name": "group",
			"origin": [8, 8, 8],
			"children": [
				{
					"name": "group",
					"origin": [8, 7.2, 8],
					"children": [80,
						{
							"name": "group",
							"origin": [8.025, 0.38516, 7.90656],
							"children": [81, 82]
						},
						{
							"name": "group",
							"origin": [8.025, 0.38516, 7.90656],
							"children": [83, 84]
						},
						{
							"name": "group",
							"origin": [8, 7.2, 8],
							"children": []
						}
					]
				},
				{
					"name": "group",
					"origin": [8, 7.2, 8],
					"children": [85,
						{
							"name": "group",
							"origin": [8.025, 0.38516, 7.90656],
							"children": [86, 87]
						},
						{
							"name": "group",
							"origin": [8.025, 0.38516, 7.90656],
							"children": [88, 89]
						}
					]
				}
			]
		}
	]
}