{
	"credit": "Made with Blockbench",
	"parent": "block/block",
	"ambientocclusion": false,
	"textures": {
		"north": "block/enchanting_table_side",
		"down": "block/enchanting_table_bottom"
	},
	"elements": [
		{
			"name": "base",
			"from": [0, 0, 0],
			"to": [16, 7, 16],
			"faces": {
				"north": {"uv": [0, 9, 16, 16], "texture": "#north"},
				"east": {"uv": [0, 9, 16, 16], "texture": "#north"},
				"south": {"uv": [0, 9, 16, 16], "texture": "#north"},
				"west": {"uv": [0, 9, 16, 16], "texture": "#north"},
				"up": {"uv": [0, 0, 16, 16], "texture": "#down"},
				"down": {"uv": [0, 0, 16, 16], "texture": "#down"}
			}
		},
		{
			"from": [9, 7, 0],
			"to": [16, 8, 7],
			"faces": {
				"north": {"uv": [0, 8, 7, 9], "texture": "#north"},
				"east": {"uv": [0, 8, 7, 9], "texture": "#north"},
				"south": {"uv": [0, 8, 7, 9], "texture": "#north"},
				"west": {"uv": [0, 8, 7, 9], "texture": "#north"},
				"up": {"uv": [0, 9, 7, 16], "texture": "#north"},
				"down": {"uv": [0, 0, 8, 8], "texture": "#missing"}
			}
		},
		{
			"from": [0, 7, 0],
			"to": [7, 8, 7],
			"faces": {
				"north": {"uv": [0, 8, 7, 9], "texture": "#north"},
				"east": {"uv": [0, 8, 7, 9], "texture": "#north"},
				"south": {"uv": [0, 8, 7, 9], "texture": "#north"},
				"west": {"uv": [0, 8, 7, 9], "texture": "#north"},
				"up": {"uv": [0, 9, 7, 16], "texture": "#north"},
				"down": {"uv": [0, 0, 8, 8], "texture": "#missing"}
			}
		},
		{
			"from": [0, 7, 9],
			"to": [7, 8, 16],
			"faces": {
				"north": {"uv": [0, 8, 7, 9], "texture": "#north"},
				"east": {"uv": [0, 8, 7, 9], "texture": "#north"},
				"south": {"uv": [0, 8, 7, 9], "texture": "#north"},
				"west": {"uv": [0, 8, 7, 9], "texture": "#north"},
				"up": {"uv": [0, 9, 7, 16], "texture": "#north"},
				"down": {"uv": [0, 0, 8, 8], "texture": "#missing"}
			}
		},
		{
			"from": [9, 7, 9],
			"to": [16, 8, 16],
			"faces": {
				"north": {"uv": [0, 8, 7, 9], "texture": "#north"},
				"east": {"uv": [0, 8, 7, 9], "texture": "#north"},
				"south": {"uv": [0, 8, 7, 9], "texture": "#north"},
				"west": {"uv": [0, 8, 7, 9], "texture": "#north"},
				"up": {"uv": [0, 9, 7, 16], "texture": "#north"},
				"down": {"uv": [0, 0, 8, 8], "texture": "#missing"}
			}
		},
		{
			"from": [1, 7, 7],
			"to": [2, 8, 9],
			"faces": {
				"north": {"uv": [7, 8, 9, 9], "texture": "#north"},
				"east": {"uv": [7, 8, 9, 9], "texture": "#north"},
				"south": {"uv": [7, 8, 9, 9], "texture": "#north"},
				"west": {"uv": [7, 8, 9, 9], "texture": "#north"},
				"up": {"uv": [7, 8, 9, 9], "texture": "#north"},
				"down": {"uv": [7, 8, 9, 9], "texture": "#north"}
			}
		},
		{
			"from": [14, 7, 7],
			"to": [15, 8, 9],
			"faces": {
				"north": {"uv": [7, 8, 9, 9], "texture": "#north"},
				"east": {"uv": [7, 8, 9, 9], "texture": "#north"},
				"south": {"uv": [7, 8, 9, 9], "texture": "#north"},
				"west": {"uv": [7, 8, 9, 9], "texture": "#north"},
				"up": {"uv": [7, 8, 9, 9], "texture": "#north"},
				"down": {"uv": [7, 8, 9, 9], "texture": "#north"}
			}
		},
		{
			"from": [7, 7, 14],
			"to": [9, 8, 15],
			"faces": {
				"north": {"uv": [7, 8, 9, 9], "texture": "#north"},
				"east": {"uv": [7, 8, 9, 9], "texture": "#north"},
				"south": {"uv": [7, 8, 9, 9], "texture": "#north"},
				"west": {"uv": [7, 8, 9, 9], "texture": "#north"},
				"up": {"uv": [7, 8, 9, 9], "rotation": 270, "texture": "#north"},
				"down": {"uv": [7, 8, 9, 9], "rotation": 90, "texture": "#north"}
			}
		},
		{
			"from": [7, 7, 1],
			"to": [9, 8, 2],
			"faces": {
				"north": {"uv": [7, 8, 9, 9], "texture": "#north"},
				"east": {"uv": [7, 8, 9, 9], "texture": "#north"},
				"south": {"uv": [7, 8, 9, 9], "texture": "#north"},
				"west": {"uv": [7, 8, 9, 9], "texture": "#north"},
				"up": {"uv": [7, 8, 9, 9], "rotation": 270, "texture": "#north"},
				"down": {"uv": [7, 8, 9, 9], "rotation": 90, "texture": "#north"}
			}
		}
	],
	"groups": [
		{
			"name": "group",
			"origin": [8, 8, 8],
			"children": [0]
		},
		{
			"name": "group",
			"origin": [8, 8, 8],
			"children": [1, 2, 3, 4]
		},
		{
			"name": "group",
			"origin": [8, 8, 8],
			"children": [5, 6, 7, 8]
		}
	]
}