{
	"credit": "Made with Blockbench",
	"parent": "block/generic_block",
	"textures": {
		"bottom": "block/enchanting_table_bottom",
		"particle": "block/enchanting_table_bottom",
		"top": "block/enchanting_table_top",
		"side": "block/enchanting_table_side"
	},
	"elements": [
		{
			"name": "pisior",
			"from": [0, 0, 0],
			"to": [16, 8, 16],
			"faces": {
				"north": {"uv": [0.009, 8.009, 15.989, 15.989], "texture": "#bottom", "cullface": "north"},
				"east": {"uv": [0.009, 8.009, 15.989, 15.989], "texture": "#bottom", "cullface": "east"},
				"south": {"uv": [0.009, 8.009, 15.989, 15.989], "texture": "#bottom", "cullface": "south"},
				"west": {"uv": [0.009, 8.009, 15.989, 15.989], "texture": "#bottom", "cullface": "west"},
				"up": {"uv": [0, 0, 16, 16], "texture": "#bottom"},
				"down": {"uv": [0.009, 0.009, 15.989, 15.989], "texture": "#bottom"}
			}
		},
		{
			"name": "pisior",
			"from": [0, 8, 0],
			"to": [16, 12, 3],
			"faces": {
				"north": {"uv": [0, 12, 16, 15.99], "texture": "#bottom", "cullface": "north"},
				"east": {"uv": [0.009, 8.009, 15.989, 15.989], "texture": "#bottom", "cullface": "west"},
				"south": {"uv": [0.009, 12.009, 15.989, 15.989], "texture": "#bottom"},
				"west": {"uv": [0.009, 8.009, 15.989, 15.989], "texture": "#bottom", "cullface": "west"},
				"up": {"uv": [0, 7, 15.98, 9.98], "texture": "#bottom"},
				"down": {"uv": [0.009, 0.009, 15.989, 15.989], "texture": "#bottom", "cullface": "west"}
			}
		},
		{
			"name": "pisior",
			"from": [0, 8, 13],
			"to": [16, 12, 16],
			"faces": {
				"north": {"uv": [0.009, 12.009, 15.989, 15.989], "texture": "#bottom"},
				"east": {"uv": [0.009, 8.009, 15.989, 15.989], "texture": "#bottom", "cullface": "west"},
				"south": {"uv": [0.009, 12.009, 15.989, 15.989], "texture": "#bottom", "cullface": "south"},
				"west": {"uv": [0.009, 8.009, 15.989, 15.989], "texture": "#bottom", "cullface": "west"},
				"up": {"uv": [0, 7, 15.98, 9.98], "texture": "#bottom"},
				"down": {"uv": [0.009, 0.009, 15.989, 15.989], "texture": "#bottom", "cullface": "west"}
			}
		},
		{
			"name": "pisior",
			"from": [0, 8, 3],
			"to": [3, 12, 13],
			"faces": {
				"north": {"uv": [0.009, 12.009, 15.989, 15.989], "texture": "#bottom", "cullface": "west"},
				"east": {"uv": [6, 6, 15.98, 9.98], "texture": "#bottom"},
				"south": {"uv": [0.009, 12.009, 15.989, 15.989], "texture": "#bottom", "cullface": "west"},
				"west": {"uv": [4, 5, 14, 9], "texture": "#bottom", "cullface": "west"},
				"up": {"uv": [0, 1, 3, 11], "texture": "#bottom"},
				"down": {"uv": [0.009, 0.009, 15.989, 15.989], "texture": "#bottom", "cullface": "west"}
			}
		},
		{
			"name": "pisior",
			"from": [13, 8, 3],
			"to": [16, 12, 13],
			"faces": {
				"north": {"uv": [0.009, 12.009, 15.989, 15.989], "texture": "#bottom", "cullface": "west"},
				"east": {"uv": [6, 6, 16, 9.98], "texture": "#bottom", "cullface": "east"},
				"south": {"uv": [0.009, 12.009, 15.989, 15.989], "texture": "#bottom", "cullface": "west"},
				"west": {"uv": [4, 5, 14, 8.98], "texture": "#bottom"},
				"up": {"uv": [0, 1, 3, 11], "texture": "#bottom"},
				"down": {"uv": [0.009, 0.009, 15.989, 15.989], "texture": "#bottom", "cullface": "west"}
			}
		},
		{
			"name": "Diamond south-west east bottom",
			"from": [-0.75, 8, 13],
			"to": [0, 9, 16],
			"faces": {
				"north": {"uv": [13.01, 7.01, 13.99, 7.99], "texture": "#side", "cullface": "west"},
				"south": {"uv": [15.01, 7.01, 15.99, 7.99], "texture": "#side", "cullface": "west"},
				"west": {"uv": [13.01, 7.01, 15.99, 7.99], "texture": "#side", "cullface": "west"},
				"down": {"uv": [13.01, 7.01, 15.99, 7.99], "rotation": 270, "texture": "#side", "cullface": "west"}
			}
		},
		{
			"name": "Diamond north-west top 1",
			"from": [0, 12, 0],
			"to": [4, 12.75, 3],
			"faces": {
				"north": {"uv": [0.01, 0.01, 3.99, 0.99], "rotation": 180, "texture": "#top", "cullface": "north"},
				"east": {"uv": [3.01, 0.01, 3.99, 2.99], "rotation": 90, "texture": "#top", "cullface": "Know2Good"},
				"south": {"uv": [0.01, 2.01, 3.99, 2.99], "texture": "#top", "cullface": "Know2Good"},
				"west": {"uv": [0.01, 0.01, 0.99, 2.99], "rotation": 270, "texture": "#top", "cullface": "west"},
				"up": {"uv": [0.01, 0.01, 3.99, 2.99], "texture": "#top", "cullface": "Know2Good"}
			}
		},
		{
			"name": "Diamond north-west top 2",
			"from": [0, 12, 3],
			"to": [3, 12.75, 4],
			"faces": {
				"east": {"uv": [2.01, 3.01, 2.99, 3.99], "rotation": 90, "texture": "#top", "cullface": "Know2Good"},
				"south": {"uv": [0.01, 3.01, 2.99, 3.99], "texture": "#top", "cullface": "Know2Good"},
				"west": {"uv": [0.01, 3.01, 0.99, 3.99], "rotation": 270, "texture": "#top", "cullface": "west"},
				"up": {"uv": [0.01, 3.01, 2.99, 3.99], "texture": "#top", "cullface": "Know2Good"}
			}
		},
		{
			"name": "Diamond_north-west_north_top2",
			"from": [0, 9, -0.75],
			"to": [4, 12, 0],
			"faces": {
				"north": {"uv": [12.01, 4.01, 15.99, 6.99], "texture": "#side", "cullface": "north"},
				"east": {"uv": [12.01, 4.01, 12.99, 6.99], "texture": "#side", "cullface": "north"},
				"west": {"uv": [15.01, 4.01, 15.99, 6.99], "texture": "#side", "cullface": "north"},
				"up": {"uv": [12.01, 4.01, 15.99, 4.99], "rotation": 180, "texture": "#side", "cullface": "north"},
				"down": {"uv": [12.01, 6.01, 15.99, 6.99], "rotation": 180, "texture": "#side", "cullface": "north"}
			}
		},
		{
			"name": "Diamond north-west north bottom",
			"from": [0, 8, -0.75],
			"to": [3, 9, 0],
			"faces": {
				"north": {"uv": [13.01, 7.01, 15.99, 7.99], "texture": "#side", "cullface": "north"},
				"east": {"uv": [13.01, 7.01, 13.99, 7.99], "texture": "#side", "cullface": "north"},
				"west": {"uv": [15.01, 7.01, 15.99, 7.99], "texture": "#side", "cullface": "north"},
				"down": {"uv": [13.01, 7.01, 15.99, 7.99], "rotation": 180, "texture": "#side", "cullface": "north"}
			}
		},
		{
			"name": "Diamond north-west west top",
			"from": [-0.75, 9, 0],
			"to": [0, 12, 4],
			"faces": {
				"north": {"uv": [0.01, 4.01, 0.99, 6.99], "texture": "#side", "cullface": "west"},
				"south": {"uv": [3.01, 4.01, 3.99, 6.99], "texture": "#side", "cullface": "west"},
				"west": {"uv": [0.01, 4.01, 3.99, 6.99], "texture": "#side", "cullface": "west"},
				"up": {"uv": [0.01, 4.01, 3.99, 4.99], "rotation": 90, "texture": "#side", "cullface": "west"},
				"down": {"uv": [0.01, 6.01, 3.99, 6.99], "rotation": 270, "texture": "#side", "cullface": "west"}
			}
		},
		{
			"name": "Diamond north-west west bottom",
			"from": [-0.75, 8, 0],
			"to": [0, 9, 3],
			"faces": {
				"north": {"uv": [0.01, 7.01, 0.99, 7.99], "texture": "#side", "cullface": "west"},
				"south": {"uv": [2.01, 7.01, 2.99, 7.99], "texture": "#side", "cullface": "west"},
				"west": {"uv": [0.01, 7.01, 2.99, 7.99], "texture": "#side", "cullface": "west"},
				"down": {"uv": [0.01, 7.01, 2.99, 7.99], "rotation": 270, "texture": "#side", "cullface": "west"}
			}
		},
		{
			"name": "Diamond north-east top 1",
			"from": [12, 12, 0],
			"to": [16, 12.75, 3],
			"faces": {
				"north": {"uv": [12.01, 0.01, 15.99, 0.99], "rotation": 180, "texture": "#top", "cullface": "north"},
				"east": {"uv": [15.01, 0.01, 15.99, 2.99], "rotation": 90, "texture": "#top", "cullface": "east"},
				"south": {"uv": [12.01, 2.01, 15.99, 2.99], "texture": "#top", "cullface": "Know2Good"},
				"west": {"uv": [12.01, 0.01, 12.99, 2.99], "rotation": 270, "texture": "#top", "cullface": "Know2Good"},
				"up": {"uv": [12.01, 0.01, 15.99, 2.99], "texture": "#top", "cullface": "Know2Good"}
			}
		},
		{
			"name": "Diamond north-east top 2",
			"from": [13, 12, 3],
			"to": [16, 12.75, 4],
			"faces": {
				"east": {"uv": [13.01, 3.01, 13.99, 3.99], "rotation": 90, "texture": "#top", "cullface": "east"},
				"south": {"uv": [13.01, 3.01, 15.99, 3.99], "texture": "#top", "cullface": "Know2Good"},
				"west": {"uv": [15.01, 3.01, 15.99, 3.99], "rotation": 270, "texture": "#top", "cullface": "Know2Good"},
				"up": {"uv": [13.01, 3.01, 15.99, 3.99], "texture": "#top", "cullface": "Know2Good"}
			}
		},
		{
			"name": "Diamond north-east north top",
			"from": [12, 9, -0.75],
			"to": [16, 12, 0],
			"faces": {
				"north": {"uv": [0.01, 4.01, 3.99, 6.99], "texture": "#side", "cullface": "north"},
				"east": {"uv": [0.01, 4.01, 0.99, 6.99], "texture": "#side", "cullface": "north"},
				"west": {"uv": [3.01, 4.01, 3.99, 6.99], "texture": "#side", "cullface": "north"},
				"up": {"uv": [0.01, 4.01, 3.99, 4.99], "rotation": 180, "texture": "#side", "cullface": "north"},
				"down": {"uv": [0.01, 6.01, 3.99, 6.99], "rotation": 180, "texture": "#side", "cullface": "north"}
			}
		},
		{
			"name": "Diamond north-east north bottom",
			"from": [13, 8, -0.75],
			"to": [16, 9, 0],
			"faces": {
				"north": {"uv": [0.01, 7.01, 2.99, 7.99], "texture": "#side", "cullface": "north"},
				"east": {"uv": [0.01, 7.01, 0.99, 7.99], "texture": "#side", "cullface": "north"},
				"west": {"uv": [2.01, 7.01, 2.99, 7.99], "texture": "#side", "cullface": "north"},
				"down": {"uv": [0.01, 7.01, 2.99, 7.99], "rotation": 180, "texture": "#side", "cullface": "north"}
			}
		},
		{
			"name": "Diamond north-east east top",
			"from": [16, 9, 0],
			"to": [16.75, 12, 4],
			"faces": {
				"north": {"uv": [15.01, 4.01, 15.99, 6.99], "texture": "#side", "cullface": "east"},
				"east": {"uv": [12.01, 4.01, 15.99, 6.99], "texture": "#side", "cullface": "east"},
				"south": {"uv": [12.01, 4.01, 12.99, 6.99], "texture": "#side", "cullface": "east"},
				"up": {"uv": [12.01, 4.01, 15.99, 4.99], "rotation": 270, "texture": "#side", "cullface": "east"},
				"down": {"uv": [12.01, 6.01, 15.99, 6.99], "rotation": 90, "texture": "#side", "cullface": "east"}
			}
		},
		{
			"name": "Diamond north-east east bottom",
			"from": [16, 8, 0],
			"to": [16.75, 9, 3],
			"faces": {
				"north": {"uv": [15.01, 7.01, 15.99, 7.99], "texture": "#side", "cullface": "east"},
				"east": {"uv": [13.01, 7.01, 15.99, 7.99], "texture": "#side", "cullface": "east"},
				"south": {"uv": [13.01, 7.01, 13.99, 7.99], "texture": "#side", "cullface": "east"},
				"down": {"uv": [13.01, 7.01, 15.99, 7.99], "rotation": 90, "texture": "#side", "cullface": "east"}
			}
		},
		{
			"name": "Diamond south-east top 1",
			"from": [12, 12, 13],
			"to": [16, 12.75, 16],
			"faces": {
				"north": {"uv": [12.01, 13.01, 15.99, 13.99], "rotation": 180, "texture": "#top", "cullface": "Know2Good"},
				"east": {"uv": [15.01, 13.01, 15.99, 15.99], "rotation": 90, "texture": "#top", "cullface": "east"},
				"south": {"uv": [12.01, 15.01, 15.99, 15.99], "texture": "#top", "cullface": "south"},
				"west": {"uv": [12.01, 13.01, 12.99, 15.99], "rotation": 270, "texture": "#top", "cullface": "Know2Good"},
				"up": {"uv": [12.01, 13.01, 15.99, 15.99], "texture": "#top", "cullface": "Know2Good"}
			}
		},
		{
			"name": "Diamond south-east top 2",
			"from": [13, 12, 12],
			"to": [16, 12.75, 13],
			"faces": {
				"north": {"uv": [13.01, 12.01, 15.99, 12.99], "rotation": 180, "texture": "#top", "cullface": "Know2Good"},
				"east": {"uv": [13.01, 12.01, 13.99, 12.99], "rotation": 90, "texture": "#top", "cullface": "east"},
				"west": {"uv": [15.01, 12.01, 15.99, 12.99], "rotation": 270, "texture": "#top", "cullface": "Know2Good"},
				"up": {"uv": [13.01, 12.01, 15.99, 12.99], "texture": "#top", "cullface": "Know2Good"}
			}
		},
		{
			"name": "Diamond south-east east top",
			"from": [16, 9, 12],
			"to": [16.75, 12, 16],
			"faces": {
				"north": {"uv": [3.01, 4.01, 3.99, 6.99], "texture": "#side", "cullface": "east"},
				"east": {"uv": [0.01, 4.01, 3.99, 6.99], "texture": "#side", "cullface": "east"},
				"south": {"uv": [0.01, 4.01, 0.99, 6.99], "texture": "#side", "cullface": "east"},
				"up": {"uv": [0.01, 4.01, 3.99, 4.99], "rotation": 270, "texture": "#side", "cullface": "east"},
				"down": {"uv": [0.01, 6.01, 3.99, 6.99], "rotation": 90, "texture": "#side", "cullface": "east"}
			}
		},
		{
			"name": "Diamond south-east east bottom",
			"from": [16, 8, 13],
			"to": [16.75, 9, 16],
			"faces": {
				"north": {"uv": [2.01, 7.01, 2.99, 7.99], "texture": "#side", "cullface": "east"},
				"east": {"uv": [0.01, 7.01, 2.99, 7.99], "texture": "#side", "cullface": "east"},
				"south": {"uv": [0.01, 7.01, 0.99, 7.99], "texture": "#side", "cullface": "east"},
				"down": {"uv": [0.01, 7.01, 2.99, 7.99], "rotation": 90, "texture": "#side", "cullface": "east"}
			}
		},
		{
			"name": "Diamond south-east south top",
			"from": [12, 9, 16],
			"to": [16, 12, 16.75],
			"faces": {
				"east": {"uv": [15.01, 4.01, 15.99, 6.99], "texture": "#side", "cullface": "south"},
				"south": {"uv": [12.01, 4.01, 15.99, 6.99], "texture": "#side", "cullface": "south"},
				"west": {"uv": [12.01, 4.01, 12.99, 6.99], "texture": "#side", "cullface": "south"},
				"up": {"uv": [12.01, 4.01, 15.99, 4.99], "texture": "#side", "cullface": "south"},
				"down": {"uv": [12.01, 6.01, 15.99, 6.99], "texture": "#side", "cullface": "south"}
			}
		},
		{
			"name": "Diamond south-east south bottom",
			"from": [13, 8, 16],
			"to": [16, 9, 16.75],
			"faces": {
				"east": {"uv": [15.01, 7.01, 15.99, 7.99], "texture": "#side", "cullface": "south"},
				"south": {"uv": [13.01, 7.01, 15.99, 7.99], "texture": "#side", "cullface": "south"},
				"west": {"uv": [13.01, 7.01, 13.99, 7.99], "texture": "#side", "cullface": "south"},
				"down": {"uv": [13.01, 7.01, 15.99, 7.99], "texture": "#side", "cullface": "south"}
			}
		},
		{
			"name": "Diamond south-west top 1",
			"from": [0, 12, 13],
			"to": [4, 12.75, 16],
			"faces": {
				"north": {"uv": [0.01, 13.01, 3.99, 13.99], "rotation": 180, "texture": "#top", "cullface": "Know2Good"},
				"east": {"uv": [3.01, 13.01, 3.99, 15.99], "rotation": 90, "texture": "#top", "cullface": "Know2Good"},
				"south": {"uv": [0.01, 15.01, 3.99, 15.99], "texture": "#top", "cullface": "south"},
				"west": {"uv": [0.01, 13.01, 0.99, 15.99], "rotation": 270, "texture": "#top", "cullface": "west"},
				"up": {"uv": [0.01, 13.01, 3.99, 15.99], "texture": "#top", "cullface": "Know2Good"}
			}
		},
		{
			"name": "Diamond south-west top 2",
			"from": [0, 12, 12],
			"to": [3, 12.75, 13],
			"faces": {
				"north": {"uv": [0.01, 12.01, 2.99, 12.99], "rotation": 180, "texture": "#top", "cullface": "Know2Good"},
				"east": {"uv": [0.01, 12.01, 0.99, 12.99], "rotation": 90, "texture": "#top", "cullface": "Know2Good"},
				"west": {"uv": [2.01, 12.01, 2.99, 12.99], "rotation": 270, "texture": "#top", "cullface": "west"},
				"up": {"uv": [0.01, 12.01, 2.99, 12.99], "texture": "#top", "cullface": "Know2Good"}
			}
		},
		{
			"name": "Diamond north-west north top",
			"from": [0, 9, 16],
			"to": [4, 12, 16.75],
			"faces": {
				"east": {"uv": [3.01, 4.01, 3.99, 6.99], "texture": "#side", "cullface": "south"},
				"south": {"uv": [0.01, 4.01, 3.99, 6.99], "texture": "#side", "cullface": "south"},
				"west": {"uv": [0.01, 4.01, 0.99, 6.99], "texture": "#side", "cullface": "south"},
				"up": {"uv": [0.01, 4.01, 3.99, 4.99], "texture": "#side", "cullface": "south"},
				"down": {"uv": [0.01, 6.01, 3.99, 6.99], "texture": "#side", "cullface": "south"}
			}
		},
		{
			"name": "Diamond north-west north bottom",
			"from": [0, 8, 16],
			"to": [3, 9, 16.75],
			"faces": {
				"east": {"uv": [2.01, 7.01, 2.99, 7.99], "texture": "#side", "cullface": "south"},
				"south": {"uv": [0.01, 7.01, 2.99, 7.99], "texture": "#side", "cullface": "south"},
				"west": {"uv": [0.01, 7.01, 0.99, 7.99], "texture": "#side", "cullface": "south"},
				"down": {"uv": [0.01, 7.01, 2.99, 7.99], "texture": "#side", "cullface": "south"}
			}
		},
		{
			"name": "Diamond south-west east top",
			"from": [-0.75, 9, 12],
			"to": [0.75, 12, 16],
			"faces": {
				"north": {"uv": [12.01, 4.01, 12.99, 6.99], "texture": "#side", "cullface": "west"},
				"south": {"uv": [15.01, 4.01, 15.99, 6.99], "texture": "#side", "cullface": "west"},
				"west": {"uv": [12.01, 4.01, 15.99, 6.99], "texture": "#side", "cullface": "west"},
				"up": {"uv": [12.01, 4.01, 15.99, 4.99], "rotation": 90, "texture": "#side", "cullface": "west"},
				"down": {"uv": [12.01, 6.01, 15.99, 6.99], "rotation": 270, "texture": "#side", "cullface": "west"}
			}
		}
	],
	"display": {
		"thirdperson_righthand": {
			"rotation": [70, 0, 0],
			"translation": [0, 3, 0],
			"scale": [0.5, 0.5, 0.5]
		},
		"thirdperson_lefthand": {
			"rotation": [70, 0, 0],
			"translation": [0, 3, 0],
			"scale": [0.5, 0.5, 0.5]
		},
		"firstperson_righthand": {
			"rotation": [0, 45, 0],
			"scale": [0.5, 0.5, 0.5]
		},
		"gui": {
			"rotation": [25, 45, 0],
			"scale": [0.69, 0.69, 0.69]
		}
	}
}