{
	"credit": "Made with Blockbench",
	"textures": {
		"1": "./czaszka"
	},
	"elements": [
		{
			"from": [8.625, 5.1, 8.55],
			"to": [9.525, 8.6, 9.55],
			"rotation": {"angle": 0, "axis": "y", "origin": [8.9, 7, 9.05034]},
			"faces": {
				"north": {"uv": [12, 7, 16, 8], "texture": "#1"},
				"east": {"uv": [12, 7, 16, 8], "texture": "#1"},
				"south": {"uv": [12, 7, 16, 8], "texture": "#1"},
				"west": {"uv": [12, 6, 16, 8], "texture": "#1"},
				"up": {"uv": [12, 7, 16, 8], "texture": "#1"},
				"down": {"uv": [12, 7, 16, 8], "texture": "#1"}
			}
		},
		{
			"from": [8.60367, 7.87851, 8.35465],
			"to": [9.55367, 8.67851, 8.65465],
			"rotation": {"angle": -22.5, "axis": "x", "origin": [9.31204, 8.37432, 8.50885]},
			"faces": {
				"north": {"uv": [13.5, 6, 14.5, 7], "texture": "#1"},
				"east": {"uv": [13.5, 6, 14.5, 7], "texture": "#1"},
				"south": {"uv": [13.5, 6, 14.5, 7], "texture": "#1"},
				"west": {"uv": [13.5, 6, 14.5, 7], "texture": "#1"},
				"up": {"uv": [13.5, 6, 14.5, 7], "texture": "#1"},
				"down": {"uv": [13.5, 6, 14.5, 7], "texture": "#1"}
			}
		},
		{
			"from": [8.59723, 7.88584, 9.44443],
			"to": [9.54723, 8.68584, 9.74443],
			"rotation": {"angle": 22.5, "axis": "x", "origin": [9.3056, 8.38166, 9.59023]},
			"faces": {
				"north": {"uv": [14, 6, 15, 7], "texture": "#1"},
				"east": {"uv": [14, 6, 15, 7], "texture": "#1"},
				"south": {"uv": [14, 6, 15, 7], "texture": "#1"},
				"west": {"uv": [14, 6, 15, 7], "texture": "#1"},
				"up": {"uv": [14, 6, 15, 7], "texture": "#1"},
				"down": {"uv": [14, 6, 15, 7], "texture": "#1"}
			}
		},
		{
			"from": [8.6, 8.6, 8.25],
			"to": [9.55, 10.1, 9.85],
			"rotation": {"angle": 0, "axis": "y", "origin": [8.9, 7, 9.05034]},
			"faces": {
				"north": {"uv": [12.5, 5, 15.5, 6], "texture": "#1"},
				"east": {"uv": [12.5, 5, 15.5, 6], "texture": "#1"},
				"south": {"uv": [12.5, 5, 15.5, 6], "texture": "#1"},
				"west": {"uv": [12.5, 5, 15.5, 6], "texture": "#1"},
				"up": {"uv": [12.5, 5, 15.5, 6], "texture": "#1"},
				"down": {"uv": [12.5, 5, 15.5, 6], "texture": "#1"}
			}
		},
		{
			"from": [7.55, 9.60165, 6.55184],
			"to": [11.05, 13.10165, 10.05184],
			"rotation": {"angle": 0, "axis": "x", "origin": [9.29816, 11.35175, 8.30009]},
			"faces": {
				"north": {"uv": [12, 4, 16, 8], "rotation": 180, "texture": "#1"},
				"east": {"uv": [8, 4, 12, 8], "texture": "#1"},
				"south": {"uv": [4, 4, 8, 8], "texture": "#1"},
				"west": {"uv": [0, 4, 4, 8], "texture": "#1"},
				"up": {"uv": [4, 0, 8, 4], "texture": "#1"},
				"down": {"uv": [12, 4, 16, 8], "rotation": 180, "texture": "#1"}
			}
		},
		{
			"from": [9.05, 13.1, 6.55],
			"to": [9.55, 16.6, 7.55],
			"rotation": {"angle": -22.5, "axis": "x", "origin": [9.29162, 14.85217, 8.05621]},
			"faces": {
				"north": {"uv": [13, 6, 14.5, 8], "rotation": 180, "texture": "#1"},
				"east": {"uv": [12, 6, 16, 8], "rotation": 180, "texture": "#1"},
				"south": {"uv": [13, 6, 14.5, 8], "rotation": 180, "texture": "#1"},
				"west": {"uv": [12, 6, 16, 8], "rotation": 180, "texture": "#1"},
				"up": {"uv": [12.5, 7.5, 13, 8], "rotation": 270, "texture": "#1"},
				"down": {"uv": [12, 6, 16, 8], "rotation": 270, "texture": "#1"}
			}
		},
		{
			"from": [9.07972, 15.88837, 5.99325],
			"to": [9.52972, 20.38837, 6.99325],
			"rotation": {"angle": 0, "axis": "x", "origin": [9.284, 17.63702, 6.47794]},
			"faces": {
				"north": {"uv": [13, 6, 14.5, 8], "texture": "#1"},
				"east": {"uv": [12, 6, 16, 8], "texture": "#1"},
				"south": {"uv": [13, 6, 14.5, 8], "texture": "#1"},
				"west": {"uv": [12, 6, 16, 8], "texture": "#1"},
				"up": {"uv": [12, 6, 16, 8], "rotation": 270, "texture": "#1"},
				"down": {"uv": [12.5, 7.5, 13, 8], "rotation": 270, "texture": "#1"}
			}
		},
		{
			"from": [9.07987, 20.22394, 5.85585],
			"to": [9.52987, 24.72394, 6.85585],
			"rotation": {"angle": 22.5, "axis": "x", "origin": [9.28512, 19.96519, 6.34048]},
			"faces": {
				"north": {"uv": [13, 6, 14.5, 8], "rotation": 180, "texture": "#1"},
				"east": {"uv": [12, 6, 16, 8], "rotation": 180, "texture": "#1"},
				"south": {"uv": [13, 6, 14.5, 8], "rotation": 180, "texture": "#1"},
				"west": {"uv": [12, 6, 16, 8], "rotation": 180, "texture": "#1"},
				"up": {"uv": [12.5, 7.5, 13, 8], "rotation": 270, "texture": "#1"},
				"down": {"uv": [12, 6, 16, 8], "rotation": 270, "texture": "#1"}
			}
		},
		{
			"from": [9.10745, 25.26914, 7.39174],
			"to": [9.50745, 26.26914, 12.29174],
			"rotation": {"angle": -45, "axis": "x", "origin": [9.2801, 25.7943, 9.63123]},
			"faces": {
				"north": {"uv": [12.5, 7.5, 13, 8], "rotation": 90, "texture": "#1"},
				"east": {"uv": [12, 6, 16, 8], "rotation": 270, "texture": "#1"},
				"south": {"uv": [12, 6, 16, 8], "rotation": 270, "texture": "#1"},
				"west": {"uv": [12, 6, 16, 8], "rotation": 90, "texture": "#1"},
				"up": {"uv": [13, 6, 14.5, 8], "rotation": 180, "texture": "#1"},
				"down": {"uv": [13, 6, 14.5, 8], "texture": "#1"}
			}
		},
		{
			"from": [9.1309, 27.92172, 11.19906],
			"to": [9.4809, 28.92172, 15.69906],
			"rotation": {"angle": -22.5, "axis": "x", "origin": [9.2598, 28.41449, 13.47737]},
			"faces": {
				"north": {"uv": [12, 6, 16, 8], "rotation": 90, "texture": "#1"},
				"east": {"uv": [12, 6, 16, 8], "rotation": 90, "texture": "#1"},
				"south": {"uv": [12.5, 7.5, 13, 8], "rotation": 270, "texture": "#1"},
				"west": {"uv": [12, 6, 16, 8], "rotation": 270, "texture": "#1"},
				"up": {"uv": [13, 6, 14.5, 8], "texture": "#1"},
				"down": {"uv": [13, 6, 14.5, 8], "rotation": 180, "texture": "#1"}
			}
		},
		{
			"from": [8.60367, 5.02149, 8.35465],
			"to": [9.55367, 5.82149, 8.65465],
			"rotation": {"angle": 22.5, "axis": "x", "origin": [9.31204, 5.32568, 8.50885]},
			"faces": {
				"north": {"uv": [13.5, 7, 14.5, 6], "texture": "#1"},
				"east": {"uv": [13.5, 7, 14.5, 6], "texture": "#1"},
				"south": {"uv": [13.5, 7, 14.5, 6], "texture": "#1"},
				"west": {"uv": [13.5, 7, 14.5, 6], "texture": "#1"},
				"up": {"uv": [13.5, 7, 14.5, 6], "texture": "#1"},
				"down": {"uv": [13.5, 7, 14.5, 6], "texture": "#1"}
			}
		},
		{
			"from": [8.59723, 5.01416, 9.44443],
			"to": [9.54723, 5.81416, 9.74443],
			"rotation": {"angle": -22.5, "axis": "x", "origin": [9.3056, 5.31834, 9.59023]},
			"faces": {
				"north": {"uv": [14, 7, 15, 6], "texture": "#1"},
				"east": {"uv": [14, 7, 15, 6], "texture": "#1"},
				"south": {"uv": [14, 7, 15, 6], "texture": "#1"},
				"west": {"uv": [14, 7, 15, 6], "texture": "#1"},
				"up": {"uv": [14, 7, 15, 6], "texture": "#1"},
				"down": {"uv": [14, 7, 15, 6], "texture": "#1"}
			}
		},
		{
			"from": [8.6, 3.6, 8.25],
			"to": [9.55, 5.1, 9.85],
			"rotation": {"angle": 0, "axis": "y", "origin": [8.9, 6.7, 9.05034]},
			"faces": {
				"north": {"uv": [12.5, 6, 15.5, 5], "texture": "#1"},
				"east": {"uv": [12.5, 6, 15.5, 5], "texture": "#1"},
				"south": {"uv": [12.5, 6, 15.5, 5], "texture": "#1"},
				"west": {"uv": [12.5, 6, 15.5, 5], "texture": "#1"},
				"up": {"uv": [12.5, 6, 15.5, 5], "texture": "#1"},
				"down": {"uv": [12.5, 6, 15.5, 5], "texture": "#1"}
			}
		},
		{
			"from": [7.55, 0.59835, 6.55184],
			"to": [11.05, 4.09835, 10.05184],
			"rotation": {"angle": 0, "axis": "x", "origin": [9.29816, 2.34825, 8.30009]},
			"faces": {
				"north": {"uv": [12, 8, 16, 4], "rotation": 180, "texture": "#1"},
				"east": {"uv": [8, 8, 12, 4], "texture": "#1"},
				"south": {"uv": [4, 8, 8, 4], "texture": "#1"},
				"west": {"uv": [0, 8, 4, 4], "texture": "#1"},
				"up": {"uv": [12, 8, 16, 4], "rotation": 180, "texture": "#1"},
				"down": {"uv": [4, 4, 8, 0], "texture": "#1"}
			}
		},
		{
			"from": [9.05, -2.9, 6.55],
			"to": [9.55, 0.6, 7.55],
			"rotation": {"angle": 22.5, "axis": "x", "origin": [9.29162, -1.15217, 8.05621]},
			"faces": {
				"north": {"uv": [13, 8, 14.5, 6], "rotation": 180, "texture": "#1"},
				"east": {"uv": [12, 8, 16, 6], "rotation": 180, "texture": "#1"},
				"south": {"uv": [13, 8, 14.5, 6], "rotation": 180, "texture": "#1"},
				"west": {"uv": [12, 8, 16, 6], "rotation": 180, "texture": "#1"},
				"up": {"uv": [16, 6, 12, 8], "rotation": 270, "texture": "#1"},
				"down": {"uv": [13, 7.5, 12.5, 8], "rotation": 270, "texture": "#1"}
			}
		},
		{
			"from": [9.07972, -6.68837, 5.99325],
			"to": [9.52972, -2.18837, 6.99325],
			"rotation": {"angle": 0, "axis": "x", "origin": [9.284, -3.93702, 6.47794]},
			"faces": {
				"north": {"uv": [13, 8, 14.5, 6], "texture": "#1"},
				"east": {"uv": [12, 8, 16, 6], "texture": "#1"},
				"south": {"uv": [13, 8, 14.5, 6], "texture": "#1"},
				"west": {"uv": [12, 8, 16, 6], "texture": "#1"},
				"up": {"uv": [13, 7.5, 12.5, 8], "rotation": 270, "texture": "#1"},
				"down": {"uv": [16, 6, 12, 8], "rotation": 270, "texture": "#1"}
			}
		},
		{
			"from": [9.07987, -11.02394, 5.85585],
			"to": [9.52987, -6.52394, 6.85585],
			"rotation": {"angle": -22.5, "axis": "x", "origin": [9.28512, -6.26519, 6.34048]},
			"faces": {
				"north": {"uv": [13, 8, 14.5, 6], "rotation": 180, "texture": "#1"},
				"east": {"uv": [12, 8, 16, 6], "rotation": 180, "texture": "#1"},
				"south": {"uv": [13, 8, 14.5, 6], "rotation": 180, "texture": "#1"},
				"west": {"uv": [12, 8, 16, 6], "rotation": 180, "texture": "#1"},
				"up": {"uv": [16, 6, 12, 8], "rotation": 270, "texture": "#1"},
				"down": {"uv": [13, 7.5, 12.5, 8], "rotation": 270, "texture": "#1"}
			}
		},
		{
			"from": [9.10745, -12.56914, 7.39174],
			"to": [9.50745, -11.56914, 12.29174],
			"rotation": {"angle": 45, "axis": "x", "origin": [9.2801, -12.0943, 9.63123]},
			"faces": {
				"north": {"uv": [13, 7.5, 12.5, 8], "rotation": 90, "texture": "#1"},
				"east": {"uv": [16, 6, 12, 8], "rotation": 270, "texture": "#1"},
				"south": {"uv": [16, 6, 12, 8], "rotation": 270, "texture": "#1"},
				"west": {"uv": [16, 6, 12, 8], "rotation": 90, "texture": "#1"},
				"up": {"uv": [13, 8, 14.5, 6], "texture": "#1"},
				"down": {"uv": [13, 8, 14.5, 6], "rotation": 180, "texture": "#1"}
			}
		},
		{
			"from": [9.1309, -15.22172, 11.19906],
			"to": [9.4809, -14.22172, 15.69906],
			"rotation": {"angle": 22.5, "axis": "x", "origin": [9.2598, -14.71449, 13.47737]},
			"faces": {
				"north": {"uv": [16, 6, 12, 8], "rotation": 90, "texture": "#1"},
				"east": {"uv": [16, 6, 12, 8], "rotation": 90, "texture": "#1"},
				"south": {"uv": [13, 7.5, 12.5, 8], "rotation": 270, "texture": "#1"},
				"west": {"uv": [16, 6, 12, 8], "rotation": 270, "texture": "#1"},
				"up": {"uv": [13, 8, 14.5, 6], "rotation": 180, "texture": "#1"},
				"down": {"uv": [13, 8, 14.5, 6], "texture": "#1"}
			}
		},
		{
			"from": [9.2059, -15.07502, 15.36233],
			"to": [9.4059, 28.82498, 15.56233],
			"rotation": {"angle": 0, "axis": "x", "origin": [9.27979, 28.40305, 13.48184]},
			"faces": {
				"north": {"uv": [15, 11, 16, 16], "rotation": 270, "texture": "#1"},
				"east": {"uv": [15, 11, 16, 16], "rotation": 270, "texture": "#1"},
				"south": {"uv": [15, 11, 16, 16], "rotation": 270, "texture": "#1"},
				"west": {"uv": [15, 11, 16, 16], "rotation": 270, "texture": "#1"},
				"up": {"uv": [15, 11, 16, 16], "rotation": 270, "texture": "#1"},
				"down": {"uv": [15, 11, 16, 16], "rotation": 270, "texture": "#1"}
			}
		}
	],
	"display": {
		"thirdperson_righthand": {
			"translation": [-1.75, -0.5, -1]
		},
		"thirdperson_lefthand": {
			"translation": [-1.75, -0.5, -1],
			"scale": [-1, 1, 1]
		},
		"firstperson_righthand": {
			"rotation": [1, 5, -8],
			"translation": [3.5, 6.5, -10.25]
		},
		"firstperson_lefthand": {
			"scale": [-1, 1, 1]
		},
		"ground": {
			"translation": [0, 7.75, 0]
		},
		"gui": {
			"rotation": [71, 45, -88],
			"translation": [-2.5, 6.75, 0]
		},
		"fixed": {
			"rotation": [-90, 0, 90],
			"translation": [-6, 11.5, -1.75],
			"scale": [-2, 2, -2]
		}
	},
	"groups": [0,
		{
			"name": "up",
			"origin": [8, 8, 8],
			"children": [1, 2, 3, 4, 5, 6, 7, 8, 9]
		},
		{
			"name": "down",
			"origin": [8, 8, 8],
			"children": [10, 11, 12, 13, 14, 15, 16, 17, 18]
		}, 19]
}